id,voted16,trump16,clinton16,voted12,obama12,romney12,democrat,republican,liberal,conservative,age,female,white,black,hispanic,asian,income100,church,south,apprentice,homealone2
1,1,0,1,1,1,0,1,0,1,0,56,1,1,0,0,0,0,0,0,0,1
2,0,0,0,1,1,0,0,0,0,0,32,0,1,0,0,0,0,1,0,1,1
3,0,0,0,1,1,0,1,0,1,0,28,1,1,0,0,0,0,0,1,0,0
4,0,0,0,0,0,0,1,0,1,0,47,0,1,0,0,0,0,0,1,0,0
5,0,0,0,1,0,1,0,1,0,1,79,0,1,0,0,0,1,1,0,1,1
6,0,0,0,0,0,0,0,0,0,1,60,1,1,0,0,0,0,0,0,0,0
7,1,0,1,1,1,0,1,0,0,0,58,0,0,0,1,0,0,0,0,0,1
8,0,0,0,0,0,0,0,0,0,0,20,1,1,0,0,0,0,0,1,1,1
9,0,0,0,0,0,0,0,0,0,0,46,0,1,0,0,0,0,0,0,0,0
10,0,0,0,1,1,0,1,0,0,1,36,0,1,0,0,0,0,0,0,0,1
11,1,1,0,0,0,0,0,1,0,0,61,1,1,0,0,0,0,0,1,0,0
12,1,1,0,1,0,1,0,1,0,1,59,1,1,0,0,0,0,0,1,0,0
13,0,0,0,1,1,0,1,0,1,0,33,0,1,0,0,0,0,1,0,0,0
14,1,0,1,1,1,0,1,0,0,0,60,1,1,0,0,0,0,0,0,0,0
15,0,0,0,0,0,0,0,0,1,0,39,1,1,0,0,0,0,0,0,0,1
16,1,1,0,1,0,1,0,1,0,1,72,1,1,0,0,0,0,1,0,0,0
17,0,0,0,0,0,0,1,0,1,0,19,1,0,1,0,0,0,0,0,0,1
18,1,0,1,1,1,0,1,0,1,0,36,1,1,0,0,0,1,0,0,0,0
19,1,0,0,1,1,0,1,0,1,0,51,1,0,1,0,0,1,0,1,0,1
20,1,0,1,1,1,0,1,0,1,0,69,0,0,1,0,0,0,1,1,0,0
21,0,0,0,1,1,0,1,0,0,1,31,1,1,0,0,0,0,0,1,0,1
22,0,0,0,1,1,0,0,0,0,0,66,0,1,0,0,0,0,0,0,0,1
23,1,0,1,1,1,0,0,0,0,0,74,0,1,0,0,0,0,0,1,0,1
24,0,0,0,0,0,0,0,1,0,0,46,0,1,0,0,0,1,0,0,0,0
25,0,0,0,1,1,0,0,1,1,0,30,0,1,0,0,0,0,1,0,0,0
26,0,0,0,1,1,0,1,0,1,0,31,0,1,0,0,0,0,0,1,0,1
27,0,0,0,1,0,1,0,0,0,1,61,0,0,0,0,0,0,1,1,0,0
28,1,0,1,1,1,0,0,0,0,0,70,1,1,0,0,0,0,0,0,0,0
29,0,0,0,1,1,0,0,0,0,0,77,0,1,0,0,0,0,0,0,0,0
30,1,0,1,1,1,0,1,0,1,0,53,0,1,0,0,0,0,0,0,0,1
31,1,1,0,1,0,1,0,1,0,1,67,1,1,0,0,0,0,0,0,0,0
32,0,0,0,1,0,0,0,0,0,0,28,0,0,0,1,0,0,0,0,0,1
33,1,0,1,1,1,0,1,0,0,0,70,1,1,0,0,0,0,0,0,0,0
34,1,0,1,1,1,0,1,0,1,0,35,1,0,0,0,0,0,0,1,0,0
35,0,0,0,1,0,1,0,1,0,1,41,1,1,0,0,0,1,0,0,0,0
36,1,0,0,1,0,1,0,1,0,1,26,1,1,0,0,0,0,1,1,0,1
37,1,0,1,1,1,0,0,0,0,0,63,1,0,1,0,0,0,0,0,0,1
38,1,0,0,1,0,1,0,0,0,1,36,0,1,0,0,0,1,0,0,0,1
39,1,1,0,1,0,1,1,0,0,1,66,0,1,0,0,0,0,0,0,0,0
40,1,1,0,1,0,1,0,0,0,1,73,1,1,0,0,0,0,0,1,0,1
41,1,1,0,1,0,1,0,1,0,1,53,1,1,0,0,0,0,0,0,0,0
42,1,0,0,1,1,0,0,0,0,0,32,1,0,1,0,0,0,1,1,1,0
43,1,1,0,1,0,1,0,1,0,1,57,0,1,0,0,0,0,1,0,1,1
44,0,0,0,0,0,0,0,0,0,0,42,0,1,0,0,0,0,0,1,0,1
45,1,0,1,1,1,0,1,0,0,0,42,1,0,0,0,0,0,1,0,0,1
46,1,0,1,1,1,0,0,0,0,0,48,1,1,0,0,0,0,0,0,0,1
47,1,0,1,1,1,0,1,0,0,0,75,0,1,0,0,0,1,0,1,0,1
48,1,0,1,1,1,0,0,0,0,0,63,0,1,0,0,0,0,0,0,0,0
49,1,0,1,1,1,0,1,0,1,0,62,0,1,0,0,0,0,0,1,0,1
50,1,0,1,1,1,0,1,0,0,0,35,1,0,0,1,0,0,0,0,0,1
51,1,0,1,1,1,0,1,0,0,0,64,1,0,1,0,0,0,1,0,0,0
52,0,0,0,1,1,0,0,1,0,1,24,0,1,0,0,0,0,0,0,0,1
53,0,0,0,1,0,1,0,1,0,1,84,1,1,0,0,0,0,1,1,0,1
54,1,0,1,1,0,0,0,0,0,1,70,0,0,0,1,0,0,0,1,0,0
55,1,0,0,0,0,0,0,0,0,0,61,1,1,0,0,0,0,0,0,0,1
56,0,0,0,1,1,0,0,0,0,1,35,1,0,0,0,0,0,0,0,0,0
57,1,0,1,1,1,0,0,0,1,0,56,0,1,0,0,0,1,0,0,0,1
58,0,0,0,0,0,0,0,0,1,0,26,1,1,0,0,0,0,0,0,0,0
59,0,0,0,1,1,0,1,0,0,1,28,1,1,0,0,0,0,0,0,0,1
60,1,0,1,1,1,0,1,0,1,0,84,1,1,0,0,0,0,0,0,0,1
61,0,0,0,1,0,1,0,1,0,1,30,0,1,0,0,0,0,0,0,1,0
62,1,0,0,1,1,0,1,0,0,0,60,1,1,0,0,0,0,0,0,0,0
63,1,1,0,1,1,0,0,0,0,0,26,1,1,0,0,0,0,0,0,0,1
64,0,0,0,1,0,1,0,0,0,1,65,1,1,0,0,0,0,0,0,0,0
65,0,0,0,0,0,0,1,0,1,0,32,1,1,0,0,0,1,0,0,0,0
66,1,0,0,1,0,1,0,0,0,1,70,0,1,0,0,0,1,0,0,0,1
67,1,0,0,1,1,0,1,0,0,0,23,1,0,1,0,0,0,1,0,0,0
68,1,1,0,1,0,1,0,1,1,0,69,0,1,0,0,0,0,0,0,0,1
69,0,0,0,0,0,0,0,0,0,0,22,1,1,0,0,0,0,0,0,0,1
70,0,0,0,0,0,0,0,0,0,1,38,1,0,1,0,0,0,0,1,0,0
71,1,1,0,1,0,1,1,0,0,1,72,0,1,0,0,0,1,0,0,0,0
72,1,0,1,1,1,0,0,0,0,1,59,0,0,0,0,0,0,1,1,0,1
73,1,1,0,1,0,1,0,1,0,1,72,0,1,0,0,0,0,0,1,0,0
74,0,0,0,1,1,0,1,0,1,0,50,1,1,0,0,0,1,0,0,0,1
75,0,0,0,0,0,0,0,0,0,0,25,1,1,0,0,0,0,1,1,1,1
76,0,0,0,1,1,0,0,0,0,0,26,0,0,0,1,0,0,1,1,0,1
77,0,0,0,1,0,1,0,1,0,1,44,1,1,0,0,0,0,1,1,0,0
78,1,1,0,1,0,1,0,1,0,1,74,0,1,0,0,0,0,0,0,0,1
79,0,0,0,0,0,0,1,0,0,0,40,1,0,0,1,0,1,0,0,0,1
80,1,0,0,1,0,1,0,1,0,1,30,1,1,0,0,0,0,1,0,0,1
81,1,0,0,1,1,0,1,0,1,0,74,1,1,0,0,0,0,1,1,0,0
82,1,0,1,1,1,0,0,0,1,0,73,0,1,0,0,0,0,0,1,0,0
83,1,0,0,1,1,0,1,0,0,0,80,1,1,0,0,0,0,1,0,0,1
84,0,0,0,1,1,0,1,0,0,0,46,0,0,0,1,0,0,0,0,0,1
85,1,1,0,1,0,1,0,0,0,0,77,0,1,0,0,0,0,0,1,1,1
86,1,1,0,1,0,1,0,0,0,1,75,0,1,0,0,0,1,0,1,1,1
87,0,0,0,1,1,0,1,0,0,0,46,1,1,0,0,0,0,1,0,0,1
88,0,0,0,0,0,0,0,0,1,0,25,1,0,0,1,0,0,0,0,0,1
89,0,0,0,1,1,0,0,0,0,0,65,0,1,0,0,0,0,0,0,0,1
90,0,0,0,0,0,0,0,0,1,0,76,0,1,0,0,0,0,0,1,0,0
91,1,0,1,1,1,0,1,0,1,0,59,0,0,0,0,0,0,0,0,0,0
92,1,0,1,1,1,0,1,0,0,0,55,1,0,1,0,0,0,0,0,0,1
93,1,0,1,1,0,0,0,0,0,0,34,1,1,0,0,0,1,0,0,1,0
94,0,0,0,1,1,0,1,0,0,1,32,0,0,1,0,0,0,0,0,0,1
95,1,0,1,1,1,0,0,0,1,0,55,1,1,0,0,0,0,0,0,1,0
96,1,0,0,1,1,0,0,0,0,1,78,0,1,0,0,0,0,0,0,0,0
97,1,0,1,1,0,1,0,1,0,1,89,0,1,0,0,0,1,0,0,0,0
98,0,0,0,0,0,0,0,1,0,0,58,0,1,0,0,0,1,0,0,0,0
99,1,0,1,1,1,0,1,0,1,0,40,0,0,1,0,0,0,0,1,0,1
100,1,1,0,1,0,1,0,1,0,1,62,1,1,0,0,0,0,0,1,0,1
101,0,0,0,1,1,0,0,0,1,0,64,0,1,0,0,0,0,0,0,0,0
102,0,0,0,1,0,1,0,1,0,1,61,1,1,0,0,0,1,0,0,0,1
103,1,1,0,1,0,1,0,1,0,1,30,1,1,0,0,0,1,1,1,0,0
104,1,1,0,1,0,1,0,1,0,1,64,1,1,0,0,0,0,0,1,0,1
105,1,0,1,1,1,0,1,0,1,0,73,1,1,0,0,0,0,0,0,1,1
106,1,1,0,1,0,1,0,1,0,1,77,1,1,0,0,0,0,1,0,0,0
107,1,0,1,1,1,0,1,0,1,0,56,0,0,1,0,0,0,1,0,1,0
108,1,1,0,1,1,0,0,1,1,0,70,0,0,0,0,0,0,0,1,1,0
109,0,0,0,1,1,0,0,0,0,0,58,0,0,0,1,0,0,0,1,0,0
110,0,0,0,1,1,0,1,0,0,0,33,0,0,1,0,0,1,1,0,1,0
111,1,0,1,1,1,0,1,0,0,0,69,0,1,0,0,0,0,0,0,1,0
112,1,0,0,1,1,0,1,0,0,0,63,1,1,0,0,0,0,0,1,1,0
113,1,0,1,1,1,0,0,0,1,0,66,1,1,0,0,0,0,0,1,0,0
114,1,0,1,1,1,0,0,0,1,0,39,0,1,0,0,0,1,0,0,0,1
115,0,0,0,0,0,0,1,0,1,0,25,0,0,0,0,1,1,0,0,1,1
116,0,0,0,1,1,0,0,0,0,0,30,1,1,0,0,0,1,0,0,1,0
117,1,0,0,1,1,0,1,0,0,1,43,1,0,1,0,0,0,0,1,0,0
118,1,0,0,1,1,0,1,0,0,0,52,1,1,0,0,0,0,1,0,0,1
119,1,0,0,1,1,0,1,0,1,0,26,1,0,1,0,0,1,1,0,0,1
120,1,1,0,1,0,1,1,0,0,0,60,1,1,0,0,0,0,0,1,0,1
121,0,0,0,1,1,0,1,0,1,0,69,1,0,1,0,0,0,1,0,0,0
122,0,0,0,1,1,0,1,0,1,0,27,0,1,0,0,0,0,1,1,0,1
123,0,0,0,0,0,0,0,0,1,0,52,1,0,0,0,1,0,0,0,1,0
124,0,0,0,1,0,1,0,0,0,1,55,0,1,0,0,0,0,0,0,0,0
125,0,0,0,0,0,0,0,0,0,0,35,1,1,0,0,0,0,0,1,0,1
126,1,0,0,1,1,0,0,0,0,0,30,1,1,0,0,0,0,0,0,1,0
127,0,0,0,1,1,0,0,0,0,0,57,1,1,0,0,0,0,0,1,0,1
128,1,1,0,1,0,1,0,0,0,1,67,1,1,0,0,0,0,0,1,1,0
129,1,0,1,1,1,0,0,0,0,0,72,0,1,0,0,0,0,0,1,0,1
130,1,0,0,1,1,0,1,0,1,0,36,1,1,0,0,0,1,0,0,0,1
131,1,0,1,1,1,0,1,0,1,0,59,0,1,0,0,0,0,0,0,1,1
132,0,0,0,1,0,0,0,0,0,0,48,0,1,0,0,0,0,0,0,0,1
133,0,0,0,0,0,0,0,0,0,0,43,0,0,0,0,1,0,1,0,0,1
134,0,0,0,1,1,0,0,0,0,0,28,0,1,0,0,0,0,0,1,0,0
135,1,1,0,1,0,1,0,0,0,0,48,1,1,0,0,0,0,0,1,0,0
136,1,1,0,1,0,1,0,1,0,1,54,1,1,0,0,0,0,0,0,0,1
137,1,1,0,1,0,1,0,0,0,0,68,0,1,0,0,0,0,0,0,0,0
138,1,0,1,0,0,0,0,1,0,0,32,1,1,0,0,0,0,0,1,0,0
139,1,0,1,1,1,0,0,1,0,0,51,0,0,0,1,0,0,0,1,0,1
140,0,0,0,1,0,1,0,0,0,1,42,0,0,0,0,0,1,0,0,0,0
141,1,1,0,1,0,1,0,1,0,1,58,0,1,0,0,0,0,0,0,0,0
142,0,0,0,0,0,0,0,0,1,0,28,1,0,0,0,0,0,0,0,0,1
143,1,0,1,1,1,0,1,0,1,0,71,1,1,0,0,0,0,0,0,0,1
144,0,0,0,0,0,0,0,0,1,0,76,0,1,0,0,0,0,0,1,0,0
145,0,0,0,0,0,0,0,0,1,0,27,1,0,0,0,0,0,0,0,0,0
146,0,0,0,0,0,0,1,0,1,0,24,1,1,0,0,0,0,0,0,1,1
147,1,0,1,1,1,0,1,0,1,0,54,1,1,0,0,0,0,0,0,0,0
148,1,0,0,1,1,0,1,0,1,0,27,1,1,0,0,0,0,1,1,0,1
149,0,0,0,0,0,0,0,0,0,1,19,1,0,0,0,0,0,0,0,0,1
150,1,1,0,0,0,0,0,1,0,1,50,0,1,0,0,0,1,1,1,0,1
151,0,0,0,0,0,0,0,0,1,0,45,1,1,0,0,0,0,0,1,0,0
152,1,1,0,1,0,1,0,1,0,1,73,1,1,0,0,0,0,0,0,1,1
153,0,0,0,0,0,0,1,0,1,0,21,1,1,0,0,0,0,1,0,1,1
154,0,0,0,1,0,1,0,1,0,1,43,0,1,0,0,0,1,1,1,0,0
155,0,0,0,0,0,0,0,0,0,0,46,1,1,0,0,0,0,0,0,1,1
156,1,0,1,1,1,0,1,0,1,0,65,0,1,0,0,0,0,0,0,1,1
157,1,1,0,1,1,0,1,0,0,1,78,0,1,0,0,0,1,0,0,0,0
158,1,0,1,1,1,0,1,0,0,0,36,1,0,1,0,0,0,0,1,0,1
159,1,0,0,1,0,1,0,1,0,1,30,1,1,0,0,0,1,0,0,0,0
160,0,0,0,0,0,0,0,0,1,0,21,0,1,0,0,0,0,0,1,0,0
161,1,0,1,1,1,0,0,0,1,0,47,0,0,0,1,0,0,0,0,0,0
162,0,0,0,1,0,1,0,0,0,0,52,1,1,0,0,0,0,0,0,0,0
163,1,0,1,1,1,0,1,0,0,0,41,1,0,0,1,0,1,0,1,0,0
164,1,0,1,1,1,0,1,0,0,0,74,1,0,0,0,1,0,1,0,0,0
165,0,0,0,0,0,0,0,0,1,0,19,1,1,0,0,0,0,0,0,1,0
166,0,0,0,1,1,0,1,0,1,0,70,1,1,0,0,0,0,0,0,0,0
167,0,0,0,1,1,0,1,0,0,0,60,1,1,0,0,0,0,0,0,0,1
168,1,1,0,1,0,1,0,0,0,1,58,1,1,0,0,0,0,0,0,0,1
169,0,0,0,0,0,0,0,0,0,0,26,1,1,0,0,0,0,0,0,0,1
170,0,0,0,1,0,1,0,1,0,0,26,0,1,0,0,0,0,1,1,0,0
171,1,0,0,0,0,0,1,0,0,0,44,0,0,1,0,0,1,0,0,0,1
172,0,0,0,0,0,0,0,0,0,1,59,0,1,0,0,0,0,1,0,0,1
173,1,0,1,1,1,0,1,0,0,1,71,1,0,1,0,0,0,1,1,0,1
174,1,0,0,1,0,1,0,0,0,1,30,0,1,0,0,0,0,1,0,0,0
175,1,0,0,1,1,0,0,0,0,1,50,0,0,1,0,0,0,0,0,0,0
176,1,1,0,1,0,1,0,0,0,1,74,1,1,0,0,0,0,0,0,0,0
177,1,0,1,1,1,0,1,0,0,0,57,0,0,1,0,0,0,0,1,0,1
178,1,0,1,0,0,0,1,0,1,0,24,1,0,1,0,0,0,0,0,1,0
179,0,0,0,0,0,0,1,0,0,0,27,0,0,1,0,0,0,1,1,0,1
180,0,0,0,0,0,0,0,1,0,1,62,1,1,0,0,0,0,0,0,0,0
181,0,0,0,1,1,0,0,0,1,0,44,1,1,0,0,0,0,0,0,0,0
182,1,0,0,0,0,0,0,0,0,1,20,1,0,0,0,0,0,1,0,0,0
183,0,0,0,0,0,0,0,1,1,0,23,1,1,0,0,0,0,0,0,0,0
184,1,0,1,1,1,0,1,0,0,0,71,0,1,0,0,0,0,1,1,0,0
185,0,0,0,1,0,1,0,0,0,1,55,0,1,0,0,0,0,0,0,0,0
186,0,0,0,0,0,0,0,1,0,1,32,1,1,0,0,0,1,0,0,1,0
187,0,0,0,1,1,0,0,0,0,0,74,1,1,0,0,0,1,0,1,1,1
188,0,0,0,1,1,0,1,0,0,0,35,0,1,0,0,0,0,0,0,0,1
189,0,0,0,0,0,0,0,1,0,1,29,1,1,0,0,0,0,0,1,0,1
190,1,0,1,1,1,0,0,0,1,0,69,0,1,0,0,0,0,0,0,0,0
191,0,0,0,0,0,0,0,0,1,0,45,1,0,0,0,1,0,0,0,0,1
192,0,0,0,1,0,0,0,0,1,0,48,0,1,0,0,0,0,0,0,0,0
193,1,0,0,0,0,0,0,1,0,1,35,1,1,0,0,0,1,1,0,0,0
194,1,1,0,1,0,1,0,1,0,1,44,0,0,0,1,0,1,0,0,1,0
195,0,0,0,0,0,0,0,0,0,1,64,0,0,0,0,1,0,0,0,0,1
196,0,0,0,0,0,0,0,1,0,1,39,0,1,0,0,0,0,1,1,0,1
197,0,0,0,0,0,0,0,0,0,0,29,1,1,0,0,0,0,0,0,0,1
198,0,0,0,1,0,1,0,1,0,1,41,1,0,0,1,0,0,1,1,0,1
199,0,0,0,1,1,0,1,0,0,0,33,0,0,1,0,0,0,0,0,1,0
200,0,0,0,0,0,0,0,0,0,0,34,1,1,0,0,0,1,0,0,0,1
201,1,1,0,1,1,0,1,0,0,0,61,1,1,0,0,0,0,0,0,0,0
202,0,0,0,1,1,0,1,0,1,0,65,1,0,1,0,0,0,1,0,0,1
203,0,0,0,1,1,0,0,0,0,0,26,0,1,0,0,0,0,0,0,0,1
204,1,0,1,1,1,0,0,0,1,0,63,1,1,0,0,0,0,1,0,0,1
205,0,0,0,0,0,0,0,0,0,1,37,1,0,0,1,0,0,1,0,0,1
206,1,0,1,1,1,0,1,0,1,0,65,1,1,0,0,0,0,0,0,0,1
207,1,0,1,1,1,0,1,0,1,0,39,1,1,0,0,0,0,0,0,1,1
208,1,1,0,1,0,1,0,0,0,1,43,1,1,0,0,0,0,0,1,0,1
209,1,0,0,1,1,0,0,1,0,0,34,0,1,0,0,0,0,0,1,0,1
210,1,0,0,1,1,0,1,0,0,0,67,0,0,1,0,0,1,0,1,0,0
211,1,0,1,1,0,1,1,0,1,0,60,1,1,0,0,0,0,0,0,0,1
212,0,0,0,1,1,0,1,0,0,0,64,1,1,0,0,0,0,0,0,0,1
213,1,0,1,1,1,0,1,0,0,0,48,0,1,0,0,0,0,0,0,0,1
214,1,1,0,1,0,1,0,0,0,1,47,1,1,0,0,0,0,0,0,0,0
215,0,0,0,0,0,0,1,0,0,0,40,0,0,0,0,1,0,0,0,0,1
216,1,0,0,1,1,0,1,0,0,0,48,0,0,0,1,0,0,0,0,1,0
217,0,0,0,1,1,0,1,0,0,0,42,0,0,1,0,0,0,0,1,0,0
218,0,0,0,1,1,0,1,0,1,0,62,0,1,0,0,0,0,0,1,0,1
219,1,0,1,0,0,0,1,0,0,0,20,0,0,1,0,0,0,0,1,0,0
220,0,0,0,1,1,0,1,0,1,0,72,0,1,0,0,0,0,1,0,1,1
221,1,0,0,1,0,1,0,1,0,1,39,0,1,0,0,0,0,1,1,0,0
222,0,0,0,1,1,0,1,0,1,0,23,1,1,0,0,0,0,0,0,0,1
223,1,1,0,1,1,0,1,0,0,0,61,0,1,0,0,0,0,0,0,0,0
224,1,0,1,1,1,0,1,0,1,0,41,0,1,0,0,0,0,0,1,0,1
225,1,0,1,1,1,0,1,0,1,0,68,1,1,0,0,0,0,0,0,0,0
226,0,0,0,1,1,0,1,0,1,0,28,0,1,0,0,0,1,1,0,0,0
227,0,0,0,1,1,0,0,1,1,0,35,0,1,0,0,0,0,1,0,0,1
228,1,0,0,0,0,0,1,0,0,1,36,0,0,0,1,0,0,0,0,0,0
229,1,1,0,1,0,1,0,1,0,1,36,1,1,0,0,0,0,0,1,0,0
230,1,0,0,1,1,0,0,0,1,0,66,1,1,0,0,0,0,0,0,1,1
231,1,1,0,1,0,1,0,1,0,1,49,0,1,0,0,0,0,0,0,0,1
232,0,0,0,1,0,1,0,1,0,1,61,0,0,0,1,0,0,1,1,0,1
233,1,0,1,1,1,0,0,0,0,0,69,0,1,0,0,0,0,0,0,1,0
234,1,0,1,0,0,0,0,0,0,0,45,1,1,0,0,0,0,0,1,1,0
235,0,0,0,1,1,0,0,0,1,0,41,0,1,0,0,0,0,0,0,0,1
236,1,1,0,1,0,1,0,1,0,1,54,1,1,0,0,0,0,0,0,0,0
237,0,0,0,1,1,0,1,0,1,0,62,0,1,0,0,0,0,0,1,0,0
238,1,1,0,1,0,1,0,1,0,1,54,1,1,0,0,0,0,1,0,0,1
239,0,0,0,1,1,0,1,0,0,1,29,1,0,1,0,0,0,1,0,0,1
240,1,0,1,1,1,0,1,0,1,0,66,0,1,0,0,0,0,0,0,0,1
241,1,0,0,1,0,1,0,1,0,0,39,1,1,0,0,0,0,1,0,0,1
242,0,0,0,0,0,0,0,0,0,1,55,1,0,1,0,0,0,0,1,1,0
243,0,0,0,0,0,0,0,0,0,0,68,1,1,0,0,0,0,0,0,0,0
244,0,0,0,1,1,0,0,0,0,1,36,0,0,0,1,0,1,0,0,0,0
245,1,0,1,1,1,0,1,0,1,0,84,0,1,0,0,0,1,0,0,1,1
246,0,0,0,0,0,0,0,0,0,1,38,0,1,0,0,0,1,1,1,1,1
247,1,1,0,1,0,1,0,1,0,1,51,0,1,0,0,0,1,1,0,0,0
248,0,0,0,0,0,0,1,0,1,0,21,0,1,0,0,0,0,0,0,0,1
249,0,0,0,0,0,0,1,0,1,0,35,1,0,1,0,0,0,0,1,0,0
250,0,0,0,0,0,0,1,0,0,1,30,1,1,0,0,0,0,0,1,0,0
251,1,0,1,1,1,0,1,0,1,0,72,0,1,0,0,0,0,0,1,0,0
252,1,0,1,1,1,0,1,0,1,0,63,0,1,0,0,0,0,1,0,0,1
253,1,0,0,1,1,0,1,0,0,1,44,1,0,1,0,0,0,1,1,1,1
254,1,0,1,1,1,0,1,0,0,0,52,0,0,1,0,0,0,1,0,0,1
255,1,1,0,1,0,1,0,0,0,1,61,1,1,0,0,0,0,0,0,0,0
256,0,0,0,1,1,0,0,0,0,1,38,0,0,1,0,0,0,0,1,0,0
257,0,0,0,1,1,0,0,0,0,0,44,0,1,0,0,0,1,0,1,0,0
258,0,0,0,0,0,0,0,1,1,0,23,1,0,1,0,0,0,1,0,1,0
259,0,0,0,1,0,1,0,0,0,1,68,0,1,0,0,0,1,0,0,1,1
260,1,1,0,1,0,1,0,1,0,0,54,0,0,0,1,0,0,0,0,0,0
261,1,1,0,1,0,1,0,1,0,1,66,1,1,0,0,0,0,0,0,0,1
262,0,0,0,1,0,0,0,0,0,0,53,0,1,0,0,0,1,0,0,0,1
263,0,0,0,0,0,0,1,0,1,0,23,1,1,0,0,0,0,0,0,0,0
264,1,0,1,1,1,0,0,0,1,0,41,0,1,0,0,0,0,0,0,0,1
265,1,1,0,1,1,0,0,0,0,1,52,0,1,0,0,0,0,0,0,0,0
266,0,0,0,0,0,0,1,0,0,0,62,1,1,0,0,0,0,1,0,0,0
267,0,0,0,1,0,1,0,0,0,0,53,0,0,0,0,0,0,0,0,0,0
268,1,0,1,1,1,0,1,0,1,0,57,1,0,0,0,0,0,0,0,0,1
269,1,1,0,1,0,1,0,0,0,1,64,0,1,0,0,0,0,1,0,0,1
270,1,1,0,1,0,1,0,0,0,0,58,1,1,0,0,0,0,0,0,0,1
271,1,1,0,1,0,1,0,0,0,1,75,1,1,0,0,0,0,0,0,0,0
272,0,0,0,0,0,0,1,0,1,0,24,1,0,0,0,1,0,0,0,1,1
273,1,0,1,0,0,0,1,0,1,0,79,1,1,0,0,0,0,0,0,0,0
274,0,0,0,1,0,0,0,1,0,1,26,1,1,0,0,0,0,0,0,1,1
275,1,1,0,0,0,0,0,1,1,0,35,1,1,0,0,0,0,0,1,0,0
276,1,1,0,0,0,0,0,0,0,1,50,0,1,0,0,0,0,0,1,1,1
277,0,0,0,1,1,0,1,0,0,0,58,1,1,0,0,0,0,1,0,0,1
278,1,0,1,1,1,0,1,0,1,0,75,0,1,0,0,0,1,0,0,1,1
279,1,1,0,1,0,1,0,1,0,1,74,1,1,0,0,0,1,0,1,0,1
280,0,0,0,0,0,0,0,0,0,1,28,1,0,0,1,0,0,0,1,0,0
281,1,0,1,1,1,0,0,0,0,1,45,0,1,0,0,0,1,0,0,1,0
282,0,0,0,0,0,0,1,0,1,0,53,1,1,0,0,0,0,0,1,0,0
283,1,1,0,1,0,1,0,1,0,1,55,1,1,0,0,0,0,0,0,0,1
284,1,1,0,1,0,1,0,0,0,1,77,0,1,0,0,0,0,0,1,0,1
285,0,0,0,1,1,0,0,0,0,0,50,1,1,0,0,0,0,0,0,0,1
286,1,1,0,1,0,1,0,1,0,1,56,0,1,0,0,0,1,0,0,0,1
287,0,0,0,1,0,1,0,0,0,1,48,1,0,0,0,1,1,0,0,1,1
288,0,0,0,0,0,0,0,0,0,0,18,1,1,0,0,0,0,1,0,0,1
289,1,0,0,1,1,0,1,0,0,0,69,1,0,1,0,0,0,1,1,0,0
290,0,0,0,1,1,0,1,0,0,1,52,1,1,0,0,0,0,0,0,0,1
291,0,0,0,0,0,0,1,0,1,0,26,1,0,0,1,0,0,0,0,0,0
292,0,0,0,1,0,1,0,1,0,1,62,1,1,0,0,0,0,0,0,0,1
293,1,0,0,0,0,0,1,0,1,0,38,1,0,0,0,1,0,0,0,1,0
294,0,0,0,0,0,0,1,0,1,0,38,0,1,0,0,0,0,0,0,1,0
295,0,0,0,0,0,0,1,0,0,0,34,1,0,0,1,0,1,0,1,1,1
296,0,0,0,1,0,1,0,1,0,1,37,0,0,1,0,0,0,0,1,0,0
297,0,0,0,0,0,0,0,0,0,0,66,0,0,0,0,1,0,0,0,0,1
298,1,1,0,1,0,1,0,1,0,1,66,0,1,0,0,0,0,1,0,0,1
299,1,1,0,1,0,1,0,1,0,1,43,0,1,0,0,0,0,0,1,0,0
300,1,0,1,1,1,0,1,0,0,0,70,1,1,0,0,0,0,1,0,0,0
301,1,0,1,0,0,0,1,0,1,0,27,1,1,0,0,0,0,0,0,0,0
302,1,0,0,1,0,0,0,0,1,0,77,1,1,0,0,0,0,0,0,1,1
303,1,1,0,1,0,1,0,1,0,1,70,0,1,0,0,0,1,0,1,1,0
304,0,0,0,0,0,0,1,0,0,0,33,1,1,0,0,0,1,1,1,0,1
305,0,0,0,1,1,0,1,0,0,0,63,0,0,1,0,0,0,0,0,0,0
306,1,0,0,0,0,0,0,1,0,1,22,1,1,0,0,0,0,1,0,0,1
307,1,1,0,1,0,1,0,1,0,1,70,1,1,0,0,0,0,0,1,0,0
308,0,0,0,0,0,0,1,0,0,0,52,1,1,0,0,0,0,0,1,0,0
309,0,0,0,0,0,0,0,0,0,0,56,1,1,0,0,0,0,0,1,1,0
310,0,0,0,0,0,0,1,0,0,0,62,1,0,0,1,0,0,0,0,0,0
311,1,1,0,1,0,1,0,1,0,1,45,1,1,0,0,0,0,1,0,0,1
312,0,0,0,1,1,0,1,0,0,1,58,1,0,1,0,0,1,0,1,0,1
313,1,1,0,1,0,1,0,1,0,1,51,0,1,0,0,0,0,0,0,0,0
314,0,0,0,1,0,1,0,0,0,0,48,0,1,0,0,0,0,0,1,0,1
315,0,0,0,1,1,0,1,0,1,0,36,0,1,0,0,0,0,0,0,0,1
316,1,1,0,1,0,1,0,1,0,1,78,0,1,0,0,0,1,1,0,0,1
317,1,0,0,1,0,1,0,0,0,0,66,0,1,0,0,0,0,0,0,0,1
318,0,0,0,1,0,1,0,0,0,1,28,1,1,0,0,0,0,0,1,0,1
319,1,1,0,1,0,1,0,1,0,0,73,1,0,0,0,0,0,0,0,0,0
320,0,0,0,0,0,0,0,0,0,1,34,1,0,1,0,0,0,0,1,0,1
321,1,0,1,1,1,0,0,0,1,0,44,1,0,0,0,0,0,0,0,0,0
322,1,0,1,1,1,0,1,0,1,0,69,1,1,0,0,0,0,0,0,0,0
323,1,0,0,0,0,0,1,0,1,0,30,1,0,1,0,0,0,0,0,0,0
324,1,0,1,1,1,0,1,0,1,0,64,1,1,0,0,0,1,0,0,0,0
325,1,1,0,1,1,0,0,0,0,1,56,1,1,0,0,0,0,0,1,0,0
326,1,0,1,1,1,0,1,0,0,0,23,0,1,0,0,0,0,0,0,0,0
327,0,0,0,1,1,0,1,0,0,0,32,0,1,0,0,0,1,1,1,0,1
328,1,0,1,1,1,0,1,0,1,0,57,1,1,0,0,0,0,0,1,0,0
329,1,0,0,1,1,0,0,0,0,1,74,0,0,1,0,0,0,1,0,1,0
330,0,0,0,0,0,0,0,1,0,0,57,0,1,0,0,0,0,0,1,1,1
331,0,0,0,1,1,0,1,0,1,0,22,0,0,0,0,1,0,0,0,0,0
332,1,0,1,1,1,0,1,0,1,0,35,0,1,0,0,0,0,0,0,0,1
333,1,0,1,1,1,0,1,0,0,0,55,1,1,0,0,0,1,0,0,0,1
334,0,0,0,0,0,0,0,1,0,0,64,0,1,0,0,0,0,0,0,0,1
335,0,0,0,1,1,0,0,1,1,0,29,1,1,0,0,0,0,0,0,0,1
336,1,0,1,1,1,0,1,0,1,0,60,0,0,0,1,0,0,0,0,1,1
337,1,0,0,1,0,1,0,0,0,0,31,0,1,0,0,0,1,0,1,0,1
338,1,0,1,1,1,0,0,0,1,0,65,0,1,0,0,0,0,0,0,0,0
339,0,0,0,1,1,0,1,0,0,0,53,1,1,0,0,0,0,1,0,1,0
340,1,1,0,1,0,1,0,1,0,1,42,1,1,0,0,0,0,1,1,0,0
341,1,1,0,1,0,0,0,0,0,0,73,0,1,0,0,0,0,0,0,0,1
342,1,0,1,1,1,0,0,0,0,0,68,1,1,0,0,0,0,0,1,0,0
343,1,0,1,1,1,0,1,0,1,0,56,1,0,1,0,0,0,0,0,0,0
344,1,0,1,1,0,1,0,0,0,0,66,1,1,0,0,0,0,0,0,1,0
345,0,0,0,1,1,0,1,0,1,0,44,1,1,0,0,0,0,0,0,0,1
346,1,0,1,1,0,1,0,1,0,1,29,0,1,0,0,0,1,1,0,0,1
347,0,0,0,1,1,0,0,0,0,0,53,1,1,0,0,0,0,0,0,0,0
348,1,1,0,0,0,0,0,0,0,1,33,0,1,0,0,0,1,0,1,0,1
349,1,0,1,1,1,0,0,0,1,0,29,0,1,0,0,0,0,0,0,0,0
350,1,1,0,1,0,1,0,0,0,1,70,1,1,0,0,0,0,0,0,0,0
351,0,0,0,0,0,0,0,0,0,0,37,1,0,0,1,0,0,0,1,0,0
352,1,1,0,1,0,1,0,0,0,1,64,1,1,0,0,0,0,0,1,0,0
353,0,0,0,0,0,0,0,1,0,1,52,0,1,0,0,0,0,0,0,0,1
354,1,0,1,1,1,0,1,0,1,0,48,0,1,0,0,0,1,1,0,0,1
355,1,0,0,1,0,1,0,0,0,1,78,1,1,0,0,0,0,0,0,0,0
356,0,0,0,0,0,0,1,0,0,0,19,1,0,1,0,0,0,0,1,0,1
357,1,0,1,1,1,0,1,0,1,0,28,1,1,0,0,0,0,0,0,0,1
358,1,0,1,1,1,0,1,0,1,0,60,1,0,1,0,0,0,0,0,0,0
359,0,0,0,1,1,0,0,0,1,0,50,0,0,0,0,0,0,0,0,0,1
360,1,1,0,1,0,1,0,0,0,1,40,0,1,0,0,0,0,1,0,0,1
361,1,1,0,1,0,1,0,1,0,0,57,1,1,0,0,0,0,0,1,0,0
362,1,1,0,1,0,1,0,1,0,1,64,1,1,0,0,0,0,0,1,0,1
363,1,1,0,1,0,1,0,1,0,0,68,1,1,0,0,0,0,0,0,0,0
364,1,0,1,0,0,0,0,0,1,0,18,1,0,0,0,1,0,0,0,1,1
365,0,0,0,0,0,0,0,0,0,1,41,1,1,0,0,0,0,0,1,0,0
366,0,0,0,0,0,0,1,0,0,0,42,1,0,0,0,0,0,0,0,0,1
367,0,0,0,0,0,0,0,1,0,1,38,0,1,0,0,0,0,0,0,0,0
368,0,0,0,1,0,1,0,0,0,1,56,1,1,0,0,0,0,1,1,0,0
369,1,0,0,1,1,0,0,0,0,1,27,1,0,1,0,0,0,0,0,0,0
370,0,0,0,1,1,0,1,0,1,0,40,1,0,1,0,0,0,1,0,0,0
371,1,0,1,1,1,0,1,0,1,0,67,1,0,1,0,0,0,1,0,0,1
372,1,1,0,1,0,1,0,1,0,1,60,1,1,0,0,0,0,0,0,0,1
373,0,0,0,1,1,0,1,0,0,1,62,1,0,1,0,0,0,0,1,0,1
374,1,0,1,1,1,0,1,0,1,0,58,1,1,0,0,0,0,0,1,0,0
375,1,0,1,1,0,1,0,0,0,1,57,0,1,0,0,0,1,0,0,0,0
376,1,1,0,1,0,1,0,0,0,1,61,0,1,0,0,0,0,0,1,0,1
377,1,1,0,1,0,1,0,1,0,1,65,1,1,0,0,0,1,0,0,0,0
378,1,1,0,1,0,1,0,0,0,1,64,0,0,0,1,0,0,0,0,0,0
379,0,0,0,0,0,0,0,0,0,0,34,1,1,0,0,0,0,0,1,1,0
380,1,0,0,1,1,0,0,0,0,0,24,1,0,1,0,0,0,0,0,0,1
381,0,0,0,0,0,0,0,0,0,0,40,0,1,0,0,0,0,0,0,0,1
382,1,0,1,1,1,0,1,0,1,0,64,1,1,0,0,0,1,0,0,1,0
383,1,1,0,1,1,0,0,1,0,0,55,1,1,0,0,0,0,0,1,1,1
384,0,0,0,0,0,0,0,1,0,1,62,1,1,0,0,0,0,0,0,0,1
385,1,1,0,1,0,1,0,1,0,1,65,0,0,0,0,0,0,1,0,0,0
386,0,0,0,1,0,1,0,1,0,1,57,1,1,0,0,0,0,0,1,0,0
387,1,1,0,1,0,1,0,1,0,1,68,0,1,0,0,0,0,1,0,0,1
388,0,0,0,1,0,1,0,0,0,1,47,0,1,0,0,0,0,1,1,0,1
389,1,1,0,1,0,1,0,1,0,1,64,0,0,0,1,0,1,0,1,0,1
390,0,0,0,1,0,1,0,1,0,1,63,0,1,0,0,0,0,0,1,0,0
391,1,0,1,1,1,0,1,0,0,0,84,0,1,0,0,0,0,1,0,0,1
392,1,1,0,1,0,1,0,0,0,1,82,0,1,0,0,0,0,1,0,0,0
393,1,1,0,1,1,0,0,0,0,0,43,0,1,0,0,0,0,0,1,0,0
394,1,0,0,1,1,0,0,1,0,1,27,1,1,0,0,0,0,0,0,0,0
395,0,0,0,1,1,0,1,0,1,0,39,0,0,0,1,0,0,0,0,0,0
396,1,1,0,1,0,1,0,1,0,0,58,0,1,0,0,0,1,0,1,0,0
397,0,0,0,0,0,0,0,1,0,0,23,1,1,0,0,0,0,0,1,0,1
398,1,0,1,1,1,0,1,0,1,0,48,1,0,1,0,0,0,1,1,0,0
399,1,0,1,1,0,1,0,0,0,0,30,1,0,0,1,0,1,0,0,0,0
400,0,0,0,1,0,1,0,1,0,1,60,0,1,0,0,0,0,0,0,1,0
401,1,1,0,1,0,1,0,1,0,1,73,0,1,0,0,0,0,1,1,0,0
402,1,1,0,1,0,1,0,0,0,0,57,1,1,0,0,0,0,0,1,0,0
403,1,0,0,0,0,0,0,0,0,0,18,1,1,0,0,0,1,0,1,0,1
404,0,0,0,1,1,0,1,0,0,1,43,1,0,1,0,0,0,1,1,0,0
405,1,0,0,1,1,0,0,0,0,1,22,1,0,1,0,0,0,1,1,0,0
406,0,0,0,1,0,1,0,0,0,0,59,0,1,0,0,0,1,0,1,0,1
407,1,1,0,1,0,1,0,1,0,1,59,0,0,1,0,0,1,0,1,0,0
408,1,0,1,1,1,0,0,0,0,0,66,0,1,0,0,0,0,0,1,0,1
409,1,0,1,1,1,0,0,0,1,0,66,0,1,0,0,0,0,1,0,0,0
410,1,1,0,1,1,0,1,0,0,0,65,1,1,0,0,0,0,0,0,0,1
411,0,0,0,1,0,0,0,1,0,1,25,0,1,0,0,0,0,0,0,1,0
412,0,0,0,1,0,1,0,0,0,1,54,0,1,0,0,0,0,0,0,0,0
413,1,1,0,1,0,1,0,0,0,1,55,0,1,0,0,0,0,0,1,0,0
414,1,1,0,1,0,1,0,1,1,0,68,1,1,0,0,0,0,0,0,0,0
415,1,1,0,1,0,0,0,1,0,1,44,0,1,0,0,0,0,0,1,0,1
416,1,1,0,1,0,1,0,0,1,0,33,1,1,0,0,0,0,0,0,0,1
417,0,0,0,0,0,0,1,0,1,0,32,1,1,0,0,0,1,0,0,0,1
418,0,0,0,1,1,0,1,0,1,0,30,0,0,0,1,0,1,1,0,1,1
419,1,1,0,1,0,1,0,1,0,1,69,1,1,0,0,0,0,0,0,0,0
420,1,0,1,1,1,0,1,0,1,0,47,0,1,0,0,0,0,0,0,0,1
421,0,0,0,1,1,0,1,0,1,0,38,0,0,1,0,0,0,1,0,0,1
422,1,1,0,1,0,1,0,0,0,1,44,1,1,0,0,0,0,0,1,0,1
423,0,0,0,0,0,0,0,0,1,0,44,0,1,0,0,0,1,0,0,0,1
424,1,1,0,1,1,0,0,1,0,1,30,1,1,0,0,0,0,1,1,0,1
425,0,0,0,0,0,0,0,0,0,0,23,1,1,0,0,0,0,0,0,0,0
426,1,1,0,1,0,1,0,1,0,1,75,1,1,0,0,0,0,1,0,0,0
427,1,0,1,1,1,0,1,0,1,0,59,1,0,1,0,0,0,1,1,0,0
428,1,0,1,1,0,1,1,0,1,0,30,0,1,0,0,0,1,0,0,0,0
429,1,0,1,1,1,0,1,0,0,0,62,1,1,0,0,0,0,0,1,0,0
430,0,0,0,1,1,0,1,0,0,0,49,1,0,1,0,0,0,1,1,0,0
431,1,0,0,0,0,0,1,0,0,0,56,0,1,0,0,0,0,0,0,0,1
432,1,0,0,1,0,1,0,1,0,0,26,1,1,0,0,0,0,0,1,0,0
433,1,0,1,1,1,0,1,0,0,0,60,1,0,0,0,0,0,0,1,0,0
434,1,0,1,1,1,0,1,0,1,0,57,1,1,0,0,0,0,1,0,0,1
435,0,0,0,1,1,0,1,0,1,0,27,1,0,0,1,0,0,0,0,0,1
436,1,1,0,1,0,1,0,1,0,1,29,1,1,0,0,0,0,1,0,0,0
437,1,1,0,1,0,1,0,1,0,0,52,1,0,0,0,0,0,0,1,0,0
438,1,0,1,1,1,0,1,0,0,0,59,0,1,0,0,0,0,1,0,0,1
439,1,0,0,0,0,0,0,0,0,0,38,1,1,0,0,0,0,0,0,0,0
440,0,0,0,0,0,0,1,0,1,0,27,1,1,0,0,0,0,0,0,1,0
441,1,0,1,1,1,0,0,0,0,1,54,0,0,1,0,0,0,0,1,1,0
442,0,0,0,1,1,0,1,0,0,0,33,1,1,0,0,0,0,0,0,0,0
443,1,0,1,1,1,0,1,0,0,0,32,1,1,0,0,0,1,0,1,1,1
444,0,0,0,0,0,0,0,0,0,0,43,1,1,0,0,0,0,0,0,0,1
445,1,1,0,1,0,1,0,1,0,1,81,0,1,0,0,0,0,0,0,0,1
446,0,0,0,0,0,0,0,0,0,0,53,0,0,0,0,1,0,0,0,0,1
447,1,0,1,0,0,0,1,0,1,0,32,1,1,0,0,0,0,0,0,0,1
448,1,0,0,1,1,0,0,0,1,0,62,0,0,1,0,0,0,0,0,0,0
449,1,0,0,1,1,0,1,0,1,0,52,0,0,0,1,0,0,0,0,0,1
450,1,0,1,1,1,0,1,0,1,0,64,0,0,1,0,0,0,0,0,0,1
451,0,0,0,1,0,1,0,1,0,1,25,0,0,0,0,1,0,0,0,0,0
452,0,0,0,1,0,0,1,0,0,0,59,0,0,0,1,0,0,1,0,0,1
453,0,0,0,0,0,0,0,0,0,0,18,0,1,0,0,0,1,0,1,0,1
454,0,0,0,1,1,0,1,0,1,0,29,0,0,0,1,0,0,0,1,0,1
455,1,0,1,0,0,0,1,0,1,0,22,1,1,0,0,0,0,0,0,0,0
456,1,1,0,1,0,1,0,0,0,1,63,0,1,0,0,0,1,0,0,0,0
457,1,0,1,0,0,0,1,0,1,0,19,1,0,0,0,1,0,0,0,1,1
458,0,0,0,0,0,0,1,0,1,0,33,1,1,0,0,0,0,0,1,0,0
459,1,1,0,1,0,1,0,1,0,1,39,1,1,0,0,0,0,1,0,0,1
460,1,0,1,1,1,0,1,0,1,0,61,1,1,0,0,0,0,0,0,0,0
461,1,1,0,1,0,1,0,0,0,1,64,1,1,0,0,0,0,0,1,0,1
462,1,0,1,1,1,0,0,0,0,0,39,0,0,0,0,0,1,1,0,0,1
463,0,0,0,0,0,0,1,0,1,0,20,1,1,0,0,0,0,0,1,1,0
464,0,0,0,0,0,0,1,0,1,0,53,0,1,0,0,0,0,0,0,0,0
465,0,0,0,0,0,0,0,0,0,0,35,1,0,0,1,0,0,0,1,0,0
466,0,0,0,1,1,0,1,0,0,0,27,0,1,0,0,0,0,0,0,0,1
467,1,1,0,0,0,0,0,0,0,1,32,1,1,0,0,0,0,0,0,0,0
468,1,1,0,1,0,1,0,1,0,1,75,0,1,0,0,0,1,0,0,0,0
469,0,0,0,0,0,0,0,0,0,0,28,1,1,0,0,0,0,0,0,0,0
470,0,0,0,0,0,0,0,0,1,0,28,1,0,1,0,0,0,0,0,0,1
471,1,0,1,1,1,0,1,0,1,0,58,1,0,1,0,0,0,1,0,0,1
472,0,0,0,1,1,0,1,0,0,0,34,1,0,1,0,0,0,1,0,0,0
473,1,1,0,1,0,1,0,1,0,1,37,1,1,0,0,0,0,0,0,0,1
474,0,0,0,1,0,1,0,1,0,1,23,0,1,0,0,0,0,0,0,0,1
475,1,0,0,1,0,1,0,1,0,1,35,1,1,0,0,0,0,0,1,0,1
476,1,1,0,1,1,0,1,0,0,0,31,1,1,0,0,0,1,0,0,0,1
477,1,1,0,1,0,1,0,1,0,1,60,1,1,0,0,0,0,1,0,0,1
478,1,1,0,1,0,1,0,0,0,1,64,1,1,0,0,0,0,0,1,1,1
479,1,0,1,1,1,0,0,0,1,0,74,1,1,0,0,0,0,0,1,0,1
480,1,0,1,1,1,0,1,0,1,0,31,1,0,1,0,0,0,0,1,0,0
481,1,1,0,1,0,1,0,1,0,1,61,1,1,0,0,0,0,0,1,0,1
482,1,0,0,1,1,0,0,0,0,0,40,1,0,1,0,0,1,0,0,0,0
483,1,0,1,1,1,0,1,0,0,0,69,0,1,0,0,0,0,1,0,0,0
484,0,0,0,1,1,0,1,0,1,0,63,1,1,0,0,0,1,0,0,0,0
485,0,0,0,1,0,1,0,1,0,0,42,1,1,0,0,0,0,0,1,0,1
486,1,0,1,1,1,0,1,0,1,0,64,0,1,0,0,0,0,0,0,0,1
487,1,0,0,1,1,0,0,0,1,0,34,0,1,0,0,0,0,0,0,0,1
488,1,0,1,1,1,0,1,0,1,0,38,1,1,0,0,0,0,0,0,0,1
489,1,0,1,0,0,0,0,0,0,0,56,1,0,0,0,0,1,0,0,0,1
490,0,0,0,0,0,0,0,1,1,0,33,0,1,0,0,0,0,0,0,0,1
491,0,0,0,1,1,0,1,0,1,0,40,0,0,0,1,0,1,0,0,0,1
492,1,0,1,1,1,0,1,0,0,0,65,1,0,1,0,0,0,0,1,0,1
493,1,1,0,1,0,1,0,0,0,1,62,0,1,0,0,0,0,1,1,0,0
494,1,0,0,0,0,0,1,0,1,0,29,0,1,0,0,0,0,0,1,0,1
495,1,0,1,1,1,0,1,0,0,0,60,1,1,0,0,0,0,0,0,1,1
496,1,1,0,1,0,1,0,0,0,1,55,0,1,0,0,0,0,0,1,1,0
497,1,0,1,1,1,0,1,0,1,0,52,0,1,0,0,0,0,0,0,0,0
498,1,1,0,1,0,1,0,0,0,1,55,1,1,0,0,0,1,0,0,0,1
499,1,0,1,1,1,0,1,0,0,1,37,0,1,0,0,0,0,1,0,0,1
500,0,0,0,0,0,0,0,0,0,0,45,1,1,0,0,0,0,0,0,0,1
501,0,0,0,0,0,0,0,0,1,0,58,1,1,0,0,0,0,0,1,0,1
502,1,1,0,1,1,0,0,0,0,1,52,0,1,0,0,0,1,0,0,0,1
503,1,0,1,1,1,0,1,0,0,0,51,1,0,1,0,0,1,1,1,0,1
504,0,0,0,1,1,0,0,1,0,0,26,0,1,0,0,0,0,0,0,1,1
505,1,0,0,1,1,0,0,1,0,1,41,1,1,0,0,0,0,0,0,0,0
506,1,0,1,1,1,0,1,0,1,0,69,1,1,0,0,0,1,0,0,0,0
507,1,0,0,1,0,0,0,0,0,0,26,0,1,0,0,0,0,0,0,0,1
508,0,0,0,0,0,0,0,1,0,0,40,1,0,0,1,0,0,0,1,0,1
509,1,0,1,1,1,0,1,0,1,0,41,0,1,0,0,0,0,0,0,1,0
510,1,0,1,1,1,0,1,0,1,0,34,1,1,0,0,0,0,0,0,0,1
511,0,0,0,0,0,0,1,0,0,1,61,1,0,0,0,0,0,0,0,1,0
512,1,1,0,1,0,1,0,0,0,1,79,0,1,0,0,0,0,1,1,0,0
513,1,0,1,1,1,0,1,0,0,0,77,1,0,1,0,0,0,0,1,0,1
514,1,0,1,1,1,0,1,0,1,0,78,1,1,0,0,0,0,0,1,0,1
515,1,0,1,1,1,0,1,0,1,0,67,1,1,0,0,0,0,0,0,1,1
516,1,0,1,1,1,0,1,0,1,0,74,0,1,0,0,0,1,1,0,0,0
517,1,1,0,0,0,0,0,1,0,0,36,1,1,0,0,0,0,0,1,1,1
518,0,0,0,0,0,0,0,1,0,0,45,1,1,0,0,0,0,0,0,0,0
519,0,0,0,0,0,0,1,0,1,0,41,1,0,0,1,0,0,0,0,1,0
520,1,0,0,1,0,1,0,1,0,1,76,1,1,0,0,0,0,1,0,0,0
521,1,1,0,1,0,1,1,0,0,1,71,1,0,0,1,0,0,0,0,0,0
522,0,0,0,1,1,0,1,0,0,0,24,1,0,0,1,0,0,0,0,0,0
523,0,0,0,0,0,0,1,0,1,0,51,1,1,0,0,0,0,0,0,0,1
524,0,0,0,0,0,0,0,0,0,1,53,0,1,0,0,0,0,0,0,0,0
525,1,0,1,0,0,0,1,0,1,0,20,1,1,0,0,0,0,0,1,0,0
526,1,0,1,1,1,0,1,0,1,0,56,0,1,0,0,0,0,0,0,0,1
527,0,0,0,0,0,0,0,1,0,1,47,0,1,0,0,0,0,0,1,0,1
528,1,1,0,1,0,1,0,1,0,1,46,1,1,0,0,0,0,1,0,1,0
529,1,1,0,0,0,0,0,1,0,1,28,1,1,0,0,0,0,1,0,1,1
530,1,1,0,1,0,1,0,1,0,1,77,1,1,0,0,0,0,1,1,0,0
531,1,1,0,1,0,1,0,1,0,0,41,1,1,0,0,0,0,1,1,0,0
532,1,1,0,1,0,0,0,0,0,1,54,0,1,0,0,0,1,0,1,0,0
533,1,0,0,1,1,0,1,0,1,0,63,1,0,1,0,0,1,0,0,0,1
534,1,1,0,1,0,1,0,1,0,1,72,1,1,0,0,0,0,0,1,0,1
535,1,1,0,1,0,1,0,1,0,0,36,1,1,0,0,0,1,1,0,1,1
536,0,0,0,0,0,0,1,0,1,0,62,0,0,1,0,0,0,1,0,0,1
537,1,0,1,1,1,0,1,0,1,0,74,1,1,0,0,0,1,0,0,0,0
538,0,0,0,1,1,0,1,0,1,0,57,0,0,1,0,0,0,1,1,0,1
539,1,1,0,1,0,1,0,1,0,1,35,1,1,0,0,0,0,1,0,0,1
540,1,1,0,1,0,1,0,0,0,1,58,0,1,0,0,0,0,1,1,1,0
541,0,0,0,0,0,0,0,0,0,0,55,0,1,0,0,0,0,0,1,0,0
542,0,0,0,1,1,0,0,1,0,0,65,0,1,0,0,0,0,0,0,0,1
543,0,0,0,1,0,1,0,1,0,1,34,0,1,0,0,0,1,0,1,0,1
544,1,0,0,1,1,0,1,0,0,1,76,0,0,1,0,0,0,1,0,0,0
545,0,0,0,1,1,0,1,0,1,0,47,1,0,1,0,0,0,0,1,0,1
546,0,0,0,0,0,0,0,1,0,0,55,1,0,0,0,1,0,0,0,0,0
547,0,0,0,1,1,0,0,1,0,1,26,0,0,0,1,0,0,1,1,0,0
548,1,0,1,1,1,0,1,0,1,0,58,1,1,0,0,0,0,0,0,1,1
549,1,0,1,1,1,0,1,0,1,0,76,1,1,0,0,0,0,0,0,1,0
550,1,0,1,1,1,0,1,0,1,0,62,1,1,0,0,0,0,0,1,0,1
551,1,0,1,1,1,0,1,0,0,1,56,0,1,0,0,0,0,0,0,0,1
552,1,0,1,1,1,0,0,0,0,0,77,0,1,0,0,0,0,1,0,0,1
553,1,1,0,1,0,1,1,0,0,1,74,1,1,0,0,0,0,0,1,0,0
554,1,1,0,1,0,1,0,1,1,0,51,1,1,0,0,0,0,0,0,1,0
555,0,0,0,1,1,0,1,0,0,0,36,1,1,0,0,0,0,0,1,1,0
556,1,0,0,1,1,0,0,0,1,0,33,0,1,0,0,0,0,0,0,0,1
557,1,1,0,1,0,0,0,0,0,1,60,0,0,0,0,0,0,1,1,0,0
558,1,1,0,1,0,1,0,0,0,1,63,0,1,0,0,0,0,1,1,0,0
559,1,0,0,1,0,1,0,0,0,0,60,0,0,0,1,0,0,0,0,0,1
560,1,0,0,1,0,1,0,1,0,1,63,0,1,0,0,0,0,1,0,0,0
561,1,1,0,1,0,1,0,0,0,1,49,0,0,1,0,0,0,0,0,0,0
562,1,1,0,1,0,1,0,1,0,0,56,1,1,0,0,0,1,1,0,1,1
563,0,0,0,1,1,0,0,0,1,0,34,1,1,0,0,0,1,0,0,1,1
564,0,0,0,0,0,0,0,0,0,1,46,0,0,0,0,0,0,0,0,0,1
565,0,0,0,0,0,0,0,0,0,1,80,0,1,0,0,0,0,0,0,0,1
566,0,0,0,0,0,0,0,0,0,0,40,1,1,0,0,0,0,0,0,1,1
567,0,0,0,0,0,0,1,0,0,0,34,0,0,0,0,1,0,0,0,0,0
568,0,0,0,0,0,0,0,0,1,0,31,1,1,0,0,0,1,0,0,0,0
569,1,0,0,1,1,0,1,0,0,1,67,1,0,1,0,0,0,1,1,1,0
570,1,1,0,1,0,1,0,0,0,0,56,1,0,0,0,1,0,0,0,0,1
571,1,0,1,1,1,0,1,0,0,0,68,0,1,0,0,0,1,0,1,0,0
572,1,0,1,1,1,0,1,0,1,0,64,1,0,1,0,0,0,0,1,0,0
573,0,0,0,0,0,0,0,1,0,1,55,1,1,0,0,0,1,0,0,0,1
574,1,0,1,1,1,0,1,0,1,0,26,1,0,0,0,1,1,0,0,0,1
575,1,1,0,1,0,1,0,1,0,1,54,0,1,0,0,0,0,0,1,0,0
576,0,0,0,1,1,0,1,0,1,0,25,0,1,0,0,0,1,0,0,0,0
577,1,0,1,1,1,0,1,0,0,0,55,1,0,1,0,0,0,1,0,0,1
578,1,0,1,1,1,0,0,0,0,0,46,1,1,0,0,0,0,0,1,0,1
579,0,0,0,0,0,0,0,0,0,1,58,1,1,0,0,0,0,0,1,0,1
580,0,0,0,0,0,0,0,0,0,0,34,1,1,0,0,0,0,0,1,0,0
581,1,1,0,1,0,1,0,1,0,1,53,0,1,0,0,0,0,1,0,1,0
582,0,0,0,1,1,0,1,0,1,0,38,1,0,0,0,1,1,0,0,0,1
583,0,0,0,1,0,1,0,0,0,0,67,0,1,0,0,0,0,0,1,0,0
584,0,0,0,1,1,0,1,0,0,0,59,1,1,0,0,0,0,0,0,0,0
585,0,0,0,1,1,0,1,0,1,0,29,1,0,1,0,0,0,0,0,1,1
586,1,0,1,1,1,0,1,0,1,0,46,0,1,0,0,0,1,0,1,0,0
587,0,0,0,0,0,0,0,0,0,0,30,1,1,0,0,0,0,0,1,1,0
588,0,0,0,1,1,0,0,0,0,0,23,1,1,0,0,0,0,0,0,0,1
589,0,0,0,1,1,0,1,0,1,0,26,0,0,1,0,0,0,0,0,0,1
590,1,1,0,1,0,1,0,0,0,1,62,0,1,0,0,0,1,0,0,0,0
591,1,1,0,1,0,0,0,0,1,0,37,0,0,0,0,0,0,0,0,1,1
592,1,0,1,1,1,0,1,0,0,0,28,1,1,0,0,0,0,1,0,0,1
593,1,0,1,1,1,0,1,0,1,0,46,0,1,0,0,0,1,0,0,0,1
594,0,0,0,0,0,0,0,0,1,0,30,0,0,0,1,0,1,1,0,0,0
595,0,0,0,0,0,0,1,0,0,1,27,1,0,1,0,0,0,0,1,0,1
596,0,0,0,1,1,0,0,0,0,0,24,0,0,1,0,0,1,1,0,1,0
597,1,0,0,1,1,0,1,0,0,0,77,1,0,1,0,0,0,1,1,0,0
598,0,0,0,0,0,0,0,0,0,0,46,0,1,0,0,0,0,0,0,0,1
599,1,1,0,1,0,1,0,0,0,0,74,0,1,0,0,0,0,0,0,0,0
600,1,1,0,1,0,1,0,1,0,1,64,0,1,0,0,0,1,0,1,0,0
601,1,0,1,1,1,0,1,0,0,0,64,1,0,1,0,0,0,1,0,0,1
602,1,0,1,1,1,0,1,0,1,0,60,1,1,0,0,0,0,0,0,0,1
603,0,0,0,1,0,1,0,1,0,1,55,1,1,0,0,0,0,0,0,1,0
604,1,0,1,0,0,0,1,0,1,0,22,1,1,0,0,0,0,0,0,0,1
605,1,0,1,1,1,0,1,0,1,0,65,1,0,0,1,0,0,0,1,0,0
606,1,0,1,0,0,0,1,0,1,0,21,1,1,0,0,0,0,0,1,0,0
607,1,1,0,1,0,1,0,1,0,1,27,1,1,0,0,0,0,0,0,0,0
608,1,0,1,1,1,0,1,0,1,0,53,0,0,1,0,0,1,0,0,1,0
609,0,0,0,0,0,0,0,0,1,0,52,1,1,0,0,0,0,0,1,0,1
610,1,1,0,1,0,1,0,1,0,1,61,1,1,0,0,0,0,0,1,0,1
611,1,1,0,1,0,1,0,0,0,1,71,1,1,0,0,0,0,0,0,0,0
612,1,0,1,1,1,0,1,0,1,0,56,0,1,0,0,0,1,0,0,0,1
613,0,0,0,1,0,1,0,1,0,1,44,0,1,0,0,0,0,0,0,0,1
614,0,0,0,1,0,1,0,1,0,1,32,1,1,0,0,0,0,1,0,0,0
615,1,0,1,1,1,0,0,0,0,0,36,1,1,0,0,0,0,0,0,0,1
616,0,0,0,1,1,0,1,0,1,0,34,0,1,0,0,0,1,0,0,0,1
617,1,0,0,1,0,0,0,0,1,0,30,0,1,0,0,0,0,0,1,0,1
618,1,0,0,1,1,0,0,0,1,0,24,0,0,0,0,0,0,1,0,0,0
619,0,0,0,0,0,0,1,0,1,0,20,1,1,0,0,0,0,0,0,1,0
620,1,0,1,1,1,0,1,0,0,0,52,1,1,0,0,0,0,0,0,0,1
621,1,0,1,0,0,0,1,0,1,0,63,0,0,1,0,0,0,0,1,0,0
622,0,0,0,1,1,0,0,0,0,0,47,1,1,0,0,0,0,0,1,0,0
623,1,0,0,0,0,0,1,0,1,0,56,1,1,0,0,0,0,0,0,0,1
624,1,0,1,1,1,0,1,0,1,0,75,1,1,0,0,0,0,0,1,0,1
625,1,0,1,1,0,0,0,1,1,0,59,1,1,0,0,0,0,0,1,0,0
626,1,0,1,1,1,0,1,0,0,0,48,1,1,0,0,0,0,0,0,0,0
627,0,0,0,1,1,0,1,0,1,0,67,1,1,0,0,0,0,0,0,0,0
628,1,0,0,1,0,1,0,0,0,1,35,1,0,0,0,0,0,0,0,0,0
629,1,0,1,1,1,0,1,0,1,0,66,0,1,0,0,0,1,0,1,1,1
630,0,0,0,0,0,0,0,0,0,0,26,0,1,0,0,0,0,0,0,0,0
631,1,0,1,0,0,0,1,0,1,0,23,1,1,0,0,0,0,0,0,0,0
632,0,0,0,1,1,0,1,0,1,0,50,1,1,0,0,0,1,1,0,0,1
633,1,0,1,1,1,0,1,0,1,0,62,0,1,0,0,0,0,0,1,1,0
634,0,0,0,1,1,0,1,0,0,1,34,0,1,0,0,0,0,1,0,0,0
635,1,0,1,1,0,0,1,0,0,0,83,1,1,0,0,0,0,0,1,0,1
636,1,1,0,1,0,0,0,1,0,1,46,1,1,0,0,0,0,1,1,0,0
637,1,1,0,1,0,1,0,0,0,0,58,0,1,0,0,0,0,0,1,0,1
638,1,0,0,1,0,0,0,0,0,1,45,0,1,0,0,0,0,1,1,1,0
639,0,0,0,1,0,1,0,0,0,1,49,1,1,0,0,0,1,1,1,1,1
640,0,0,0,0,0,0,0,0,0,0,24,1,1,0,0,0,0,0,0,0,0
641,1,1,0,1,0,1,0,1,0,1,50,0,1,0,0,0,0,1,1,0,0
642,0,0,0,0,0,0,0,1,0,1,67,0,0,0,1,0,0,0,1,0,0
643,0,0,0,1,1,0,1,0,0,0,35,0,1,0,0,0,0,1,0,0,1
644,1,0,1,1,1,0,0,0,0,0,39,1,0,0,1,0,0,0,1,0,1
645,1,0,1,1,1,0,1,0,1,0,61,0,1,0,0,0,0,0,0,1,0
646,1,0,1,1,1,0,1,0,1,0,33,1,1,0,0,0,0,0,0,0,1
647,0,0,0,1,0,1,0,0,0,0,54,1,0,0,0,1,0,0,1,0,0
648,1,0,1,1,1,0,0,0,0,0,77,1,1,0,0,0,0,0,0,0,1
649,1,0,1,1,1,0,1,0,1,0,45,1,1,0,0,0,0,0,0,0,0
650,0,0,0,0,0,0,0,0,0,1,60,0,0,0,1,0,0,0,0,0,1
651,1,0,1,1,0,1,0,0,0,0,47,1,1,0,0,0,0,0,0,0,1
652,1,0,1,1,1,0,1,0,0,0,36,1,0,0,1,0,0,0,1,0,0
653,1,1,0,1,0,1,0,1,0,1,53,0,1,0,0,0,0,0,0,0,1
654,1,0,1,1,1,0,0,0,0,1,53,1,0,0,0,0,0,1,0,0,1
655,0,0,0,1,1,0,0,1,0,0,33,1,1,0,0,0,0,0,0,0,1
656,0,0,0,0,0,0,0,0,0,0,58,1,1,0,0,0,0,0,1,0,0
657,1,0,1,1,0,0,1,0,1,0,47,0,1,0,0,0,0,0,1,0,1
658,0,0,0,1,1,0,1,0,1,0,35,0,1,0,0,0,0,0,0,0,1
659,1,0,1,1,1,0,1,0,0,0,64,1,1,0,0,0,1,0,0,0,1
660,0,0,0,1,1,0,0,0,0,1,42,0,1,0,0,0,0,1,0,1,1
661,1,0,0,0,0,0,1,0,1,0,68,0,0,1,0,0,0,0,1,0,0
662,1,1,0,1,0,1,0,1,0,1,51,0,1,0,0,0,0,0,0,0,0
663,0,0,0,1,1,0,1,0,1,0,27,0,0,0,0,1,0,0,0,0,1
664,0,0,0,0,0,0,0,0,0,0,39,1,0,0,0,1,0,0,0,1,0
665,0,0,0,1,0,1,0,1,0,1,30,1,0,0,0,1,0,1,1,0,1
666,1,0,1,1,1,0,1,0,1,0,35,1,1,0,0,0,0,0,0,0,0
667,0,0,0,1,1,0,0,0,1,0,35,0,1,0,0,0,0,0,1,1,1
668,0,0,0,0,0,0,0,0,1,0,20,1,0,0,0,1,0,0,1,0,1
669,1,1,0,0,0,0,0,1,0,1,58,1,1,0,0,0,0,0,1,0,0
670,1,0,0,1,0,0,0,1,1,0,35,1,0,1,0,0,0,0,1,0,1
671,0,0,0,1,1,0,0,0,0,1,25,1,0,1,0,0,0,0,1,0,0
672,1,1,0,1,0,1,0,1,0,1,77,1,1,0,0,0,0,0,0,0,0
673,1,0,1,1,1,0,0,0,1,0,42,0,1,0,0,0,0,0,1,1,0
674,1,1,0,1,0,1,0,1,0,1,54,1,1,0,0,0,1,0,1,0,1
675,1,1,0,1,0,1,0,1,0,0,35,0,1,0,0,0,0,0,1,1,0
676,0,0,0,0,0,0,0,0,0,1,31,0,1,0,0,0,1,1,0,1,1
677,1,1,0,1,1,0,0,0,1,0,57,1,1,0,0,0,0,0,0,0,1
678,1,1,0,1,0,1,0,1,0,1,58,0,1,0,0,0,0,0,0,0,1
679,0,0,0,1,1,0,0,0,1,0,63,0,1,0,0,0,1,0,0,0,0
680,0,0,0,0,0,0,0,0,0,0,26,0,0,0,0,0,0,0,0,0,0
681,1,0,1,1,1,0,1,0,1,0,64,1,1,0,0,0,0,0,1,0,1
682,0,0,0,1,1,0,0,0,0,0,68,0,1,0,0,0,0,0,1,0,1
683,0,0,0,0,0,0,0,0,0,0,58,1,0,0,0,0,0,0,1,1,1
684,0,0,0,0,0,0,0,0,0,0,27,1,0,1,0,0,0,0,1,0,1
685,1,1,0,1,0,1,0,1,0,1,41,1,1,0,0,0,0,1,0,0,1
686,1,0,1,1,1,0,1,0,0,1,45,1,1,0,0,0,0,0,1,0,1
687,1,1,0,1,0,1,0,0,0,1,72,1,1,0,0,0,0,1,1,0,1
688,0,0,0,1,1,0,1,0,0,0,48,1,0,0,1,0,0,0,0,1,1
689,0,0,0,0,0,0,1,0,0,0,36,0,1,0,0,0,0,0,0,0,0
690,0,0,0,1,0,1,0,0,0,1,53,0,1,0,0,0,0,0,1,0,1
691,0,0,0,1,1,0,1,0,1,0,74,1,1,0,0,0,0,0,0,0,0
692,1,0,1,1,1,0,1,0,1,0,60,1,1,0,0,0,0,0,0,0,1
693,0,0,0,1,1,0,0,0,1,0,60,1,1,0,0,0,0,0,0,0,0
694,0,0,0,0,0,0,0,0,0,1,61,0,1,0,0,0,0,1,1,1,0
695,1,1,0,1,0,1,0,1,0,1,39,1,1,0,0,0,0,1,0,0,1
696,0,0,0,1,1,0,0,0,0,0,32,1,1,0,0,0,0,0,0,0,0
697,0,0,0,0,0,0,0,1,0,1,53,1,1,0,0,0,0,0,1,0,1
698,1,0,1,1,1,0,1,0,1,0,75,0,1,0,0,0,0,0,0,0,0
699,0,0,0,1,1,0,1,0,0,0,65,0,1,0,0,0,0,1,0,0,0
700,0,0,0,1,0,1,0,1,0,1,68,1,1,0,0,0,0,1,1,0,1
701,1,0,0,1,0,0,0,0,1,0,58,0,1,0,0,0,0,0,0,0,0
702,0,0,0,0,0,0,0,0,0,0,61,1,1,0,0,0,0,1,1,1,1
703,1,0,1,1,0,1,0,0,0,0,50,1,1,0,0,0,0,1,0,0,0
704,0,0,0,0,0,0,1,0,1,0,36,0,0,0,0,1,0,0,1,0,1
705,0,0,0,1,1,0,1,0,0,1,34,0,0,0,1,0,0,1,1,1,1
706,0,0,0,1,1,0,0,0,0,0,26,1,1,0,0,0,0,0,1,1,1
707,1,0,1,1,1,0,1,0,1,0,68,0,1,0,0,0,0,0,0,1,1
708,1,0,1,1,1,0,0,0,0,0,63,0,1,0,0,0,0,0,1,0,1
709,1,1,0,1,0,1,0,1,0,1,58,1,1,0,0,0,1,0,0,0,0
710,1,0,1,1,1,0,0,0,1,0,55,1,1,0,0,0,1,0,0,1,1
711,0,0,0,1,1,0,1,0,1,0,46,0,0,0,0,1,1,0,0,1,1
712,1,1,0,1,0,1,0,1,0,0,66,1,1,0,0,0,0,1,1,0,0
713,1,0,1,1,1,0,1,0,0,0,37,1,0,0,0,1,0,0,1,0,0
714,1,0,1,1,1,0,1,0,1,0,69,1,1,0,0,0,0,0,0,0,1
715,0,0,0,0,0,0,1,0,1,0,19,1,0,1,0,0,0,0,0,0,1
716,1,0,1,1,1,0,0,0,0,0,46,1,0,0,1,0,1,0,1,0,1
717,1,0,1,1,1,0,1,0,0,0,61,1,0,1,0,0,0,1,1,0,1
718,0,0,0,1,1,0,1,0,1,0,25,1,0,0,0,0,0,0,1,0,1
719,1,0,1,1,1,0,1,0,1,0,63,1,1,0,0,0,0,0,1,1,0
720,0,0,0,1,1,0,0,1,0,0,68,1,1,0,0,0,0,0,0,1,0
721,0,0,0,1,1,0,1,0,1,0,35,1,0,0,0,0,0,0,1,0,1
722,1,0,0,1,1,0,1,0,1,0,71,0,0,1,0,0,0,0,0,0,0
723,1,1,0,0,0,0,0,1,0,1,18,1,1,0,0,0,0,0,1,0,1
724,1,1,0,1,0,1,0,1,0,1,75,1,1,0,0,0,1,0,0,0,1
725,1,1,0,1,1,0,1,0,0,0,50,0,1,0,0,0,0,0,0,0,0
726,1,0,0,0,0,0,0,0,0,0,21,0,1,0,0,0,0,0,0,0,1
727,0,0,0,1,0,1,0,1,0,1,60,0,1,0,0,0,0,0,1,0,1
728,0,0,0,1,1,0,1,0,1,0,74,0,0,1,0,0,0,1,0,0,1
729,1,1,0,1,1,0,0,0,0,0,55,1,0,1,0,0,0,0,0,0,1
730,1,0,1,1,1,0,1,0,1,0,34,0,1,0,0,0,0,0,1,1,0
731,0,0,0,1,0,1,0,0,0,1,75,0,1,0,0,0,1,0,0,0,0
732,0,0,0,0,0,0,0,0,0,1,31,0,1,0,0,0,0,0,0,1,0
733,1,1,0,1,0,1,0,1,0,1,53,0,1,0,0,0,1,0,0,0,0
734,1,1,0,1,0,1,0,0,0,1,64,1,0,0,0,0,0,0,1,0,0
735,0,0,0,0,0,0,0,0,0,0,18,0,1,0,0,0,0,0,0,0,0
736,1,1,0,1,0,1,0,1,0,0,55,1,1,0,0,0,0,0,1,0,0
737,1,1,0,1,1,0,0,1,0,1,36,1,1,0,0,0,0,0,0,0,1
738,1,0,1,1,1,0,1,0,1,0,70,1,0,1,0,0,0,1,0,0,1
739,0,0,0,0,0,0,0,0,0,1,51,0,0,0,0,1,1,0,1,0,1
740,0,0,0,0,0,0,1,0,0,1,39,0,0,0,1,0,0,1,0,0,1
741,1,0,1,1,1,0,0,0,1,0,57,1,1,0,0,0,0,0,0,0,1
742,1,0,1,1,1,0,0,0,1,0,30,0,1,0,0,0,0,0,1,0,1
743,1,0,1,1,1,0,1,0,1,0,37,1,1,0,0,0,0,0,1,1,1
744,0,0,0,0,0,0,0,0,0,0,42,1,1,0,0,0,0,0,1,0,1
745,0,0,0,1,0,1,0,0,0,1,42,0,1,0,0,0,0,1,0,0,1
746,0,0,0,0,0,0,1,0,0,0,24,1,0,0,1,0,0,0,0,0,1
747,0,0,0,1,1,0,0,1,0,0,36,0,0,0,1,0,0,0,1,1,0
748,1,1,0,1,0,1,0,1,0,1,88,0,1,0,0,0,0,0,0,0,0
749,1,0,1,1,1,0,1,0,1,0,47,1,0,0,0,0,0,0,0,1,1
750,1,0,1,1,1,0,1,0,1,0,43,1,1,0,0,0,0,0,0,1,0
751,0,0,0,1,0,1,0,1,0,1,45,1,0,0,0,1,1,0,0,0,0
752,0,0,0,1,0,0,0,0,0,0,42,0,1,0,0,0,0,0,1,0,0
753,1,0,1,1,1,0,1,0,1,0,22,1,1,0,0,0,0,0,0,0,1
754,1,0,0,1,1,0,1,0,1,0,25,1,0,0,1,0,1,0,0,0,1
755,1,0,0,1,0,1,0,0,0,0,33,0,1,0,0,0,0,0,0,0,0
756,0,0,0,1,1,0,1,0,1,0,33,0,1,0,0,0,0,0,1,0,0
757,1,0,0,1,0,0,0,0,0,0,60,1,1,0,0,0,0,0,1,0,1
758,1,0,0,0,0,0,1,0,0,0,53,0,0,1,0,0,0,1,1,0,1
759,0,0,0,1,0,1,1,0,0,0,55,1,1,0,0,0,1,1,1,0,0
760,1,0,1,1,1,0,1,0,1,0,75,1,1,0,0,0,0,0,0,0,0
761,0,0,0,1,0,0,0,1,0,0,42,1,1,0,0,0,1,0,0,0,1
762,0,0,0,0,0,0,0,1,1,0,18,0,1,0,0,0,0,0,0,0,0
763,1,1,0,1,0,1,0,1,0,1,70,0,1,0,0,0,1,0,0,0,1
764,1,0,1,1,1,0,1,0,0,0,76,0,1,0,0,0,0,0,0,0,1
765,1,0,1,1,1,0,1,0,1,0,70,0,1,0,0,0,0,0,0,0,1
766,0,0,0,1,1,0,0,1,0,1,36,0,1,0,0,0,0,0,0,0,0
767,0,0,0,0,0,0,1,0,1,0,18,0,0,0,0,0,0,0,0,0,1
768,1,1,0,1,0,1,0,1,0,1,25,1,1,0,0,0,0,0,0,0,0
769,1,1,0,1,0,1,0,1,0,1,65,0,1,0,0,0,0,0,0,0,0
770,1,1,0,1,0,1,0,1,0,1,54,0,1,0,0,0,1,0,0,0,0
771,0,0,0,1,1,0,1,0,0,0,62,1,0,1,0,0,0,0,0,0,0
772,0,0,0,1,0,1,0,1,0,1,47,0,1,0,0,0,0,0,0,0,1
773,1,1,0,1,0,1,0,1,0,1,39,0,1,0,0,0,0,1,0,0,0
774,0,0,0,1,0,0,0,0,0,1,28,0,0,0,1,0,1,0,1,0,0
775,0,0,0,0,0,0,1,0,0,1,35,0,0,1,0,0,0,0,0,0,0
776,1,0,0,1,1,0,1,0,0,0,83,1,1,0,0,0,1,1,1,0,1
777,1,0,1,1,1,0,1,0,1,0,60,1,1,0,0,0,0,0,0,0,0
778,1,1,0,0,0,0,0,0,0,0,47,1,1,0,0,0,0,0,0,0,0
779,0,0,0,1,0,1,0,1,0,1,65,1,1,0,0,0,0,0,0,0,0
780,1,1,0,1,0,1,0,0,0,0,61,0,1,0,0,0,0,0,0,0,0
781,1,0,0,1,1,0,0,0,0,1,57,1,1,0,0,0,0,0,0,0,0
782,0,0,0,1,1,0,0,0,0,0,62,0,1,0,0,0,0,0,1,0,0
783,0,0,0,1,1,0,1,0,0,0,61,0,1,0,0,0,1,0,0,0,1
784,0,0,0,0,0,0,0,0,1,0,23,1,1,0,0,0,0,0,0,1,1
785,0,0,0,0,0,0,0,0,0,1,73,1,1,0,0,0,0,0,1,1,0
786,1,1,0,1,1,0,1,0,1,0,53,1,1,0,0,0,0,0,1,0,0
787,1,0,1,1,1,0,1,0,1,0,50,1,1,0,0,0,0,0,0,0,0
788,0,0,0,1,0,1,0,1,0,1,31,0,1,0,0,0,0,1,0,0,1
789,0,0,0,1,1,0,1,0,0,1,34,1,0,1,0,0,0,1,0,0,1
790,1,1,0,1,0,1,0,1,0,1,73,1,1,0,0,0,0,1,0,0,0
791,1,1,0,1,0,1,0,1,0,1,55,0,1,0,0,0,0,0,1,1,0
792,1,1,0,1,0,0,0,1,0,1,51,1,1,0,0,0,1,0,0,0,1
793,1,1,0,1,0,1,0,1,0,1,58,1,1,0,0,0,0,0,1,0,1
794,1,1,0,1,0,1,0,1,0,1,66,1,1,0,0,0,0,0,0,1,1
795,1,0,1,1,1,0,1,0,0,1,52,1,0,1,0,0,0,1,1,0,0
796,0,0,0,0,0,0,0,1,0,0,43,0,0,0,1,0,0,0,0,0,0
797,0,0,0,1,0,1,0,1,1,0,21,0,0,0,0,0,0,1,0,1,1
798,1,0,1,1,1,0,1,0,1,0,53,1,1,0,0,0,0,0,0,0,0
799,0,0,0,1,1,0,1,0,0,1,60,0,1,0,0,0,0,0,0,1,1
800,1,0,0,1,1,0,1,0,1,0,52,0,0,0,1,0,1,0,1,0,1
801,0,0,0,1,1,0,1,0,0,1,33,0,1,0,0,0,1,1,1,0,1
802,1,0,1,1,1,0,0,0,1,0,55,1,0,0,1,0,0,0,1,0,1
803,1,0,0,1,0,1,0,1,0,0,36,1,0,0,1,0,0,0,1,0,0
804,1,0,1,1,1,0,1,0,1,0,75,1,1,0,0,0,0,0,0,0,0
805,0,0,0,1,1,0,0,0,0,0,42,0,0,1,0,0,0,0,0,1,1
806,1,0,0,1,1,0,0,0,1,0,58,0,1,0,0,0,0,0,0,0,1
807,1,1,0,1,0,1,0,1,0,1,65,0,1,0,0,0,1,0,0,0,0
808,1,0,1,0,0,0,1,0,1,0,26,1,0,1,0,0,0,0,0,0,1
809,1,0,0,1,1,0,1,0,0,0,32,1,1,0,0,0,0,1,0,0,1
810,1,0,0,0,0,0,0,0,0,0,25,0,0,0,1,0,0,0,0,0,1
811,1,1,0,1,0,1,0,1,0,1,33,1,1,0,0,0,0,1,0,1,0
812,1,0,0,0,0,0,1,0,0,1,51,0,0,0,0,0,0,1,1,0,0
813,1,0,0,0,0,0,0,0,0,0,28,1,1,0,0,0,0,0,1,0,1
814,1,0,1,1,1,0,1,0,0,1,54,1,0,1,0,0,0,1,1,0,1
815,1,1,0,1,0,1,0,1,0,1,51,0,0,0,1,0,1,0,0,0,0
816,1,0,0,1,0,1,0,0,0,1,34,1,1,0,0,0,0,0,1,0,1
817,0,0,0,0,0,0,1,0,1,0,28,0,1,0,0,0,0,0,0,0,1
818,1,1,0,1,0,1,0,0,0,1,67,0,1,0,0,0,0,0,0,1,1
819,1,0,1,0,0,0,0,0,0,0,56,0,1,0,0,0,0,0,0,1,0
820,1,0,1,1,1,0,1,0,1,0,26,1,0,1,0,0,1,0,0,0,1
821,1,0,0,0,0,0,0,0,1,0,40,0,0,0,1,0,0,0,0,0,1
822,1,0,1,0,0,0,1,0,0,1,39,0,1,0,0,0,0,0,0,0,0
823,1,0,1,0,0,0,1,0,1,0,28,1,0,0,0,0,0,0,0,1,1
824,0,0,0,1,1,0,1,0,0,0,51,0,1,0,0,0,1,0,0,0,0
825,1,0,1,1,1,0,0,0,1,0,45,0,1,0,0,0,1,0,1,0,1
826,1,0,1,1,1,0,1,0,1,0,56,0,1,0,0,0,1,0,0,0,1
827,1,0,1,1,1,0,0,0,0,0,42,0,0,0,0,0,1,0,0,0,1
828,1,0,1,1,1,0,1,0,0,0,63,1,0,1,0,0,0,1,1,0,0
829,1,0,0,1,0,1,0,1,0,1,59,1,1,0,0,0,0,1,0,0,0
830,1,0,0,1,1,0,0,0,0,0,42,0,0,1,0,0,0,0,0,0,0
831,0,0,0,1,1,0,1,0,0,0,52,1,0,1,0,0,0,0,1,0,1
832,1,0,1,1,1,0,0,0,0,0,63,0,1,0,0,0,1,0,0,0,0
833,1,0,1,1,1,0,1,0,0,1,39,0,0,1,0,0,1,1,1,1,1
834,1,0,1,1,1,0,1,0,1,0,62,1,1,0,0,0,0,1,0,0,1
835,0,0,0,0,0,0,0,0,0,0,34,0,0,0,0,0,0,1,0,0,1
836,0,0,0,0,0,0,0,0,0,0,59,1,1,0,0,0,0,1,0,0,0
837,1,0,1,1,1,0,0,0,0,0,55,0,0,1,0,0,1,0,0,0,1
838,0,0,0,0,0,0,1,0,0,0,54,1,1,0,0,0,0,0,0,0,0
839,0,0,0,1,0,1,0,1,0,1,30,0,1,0,0,0,1,0,0,0,0
840,1,0,1,1,1,0,1,0,0,0,76,1,1,0,0,0,0,1,0,0,0
841,1,1,0,1,1,0,0,1,0,1,65,0,1,0,0,0,0,0,0,0,1
842,1,0,1,0,0,0,0,0,1,0,18,1,1,0,0,0,0,0,0,0,0
843,1,0,1,1,1,0,1,0,1,0,31,0,0,0,0,0,0,0,0,0,1
844,1,1,0,1,1,0,0,0,0,0,32,1,1,0,0,0,0,0,1,0,0
845,1,1,0,1,1,0,0,0,0,0,52,0,1,0,0,0,1,0,0,0,0
846,1,0,0,0,0,0,1,0,1,0,27,0,1,0,0,0,0,0,0,0,0
847,1,0,1,1,1,0,1,0,1,0,42,1,1,0,0,0,0,0,0,0,1
848,0,0,0,1,1,0,1,0,1,0,38,0,0,0,1,0,0,0,1,0,1
849,1,1,0,1,0,1,0,1,0,1,70,0,1,0,0,0,0,0,0,0,1
850,1,0,0,1,0,1,0,1,0,1,40,0,1,0,0,0,0,1,1,0,0
851,1,0,1,1,1,0,1,0,0,0,60,1,1,0,0,0,0,0,0,1,0
852,0,0,0,1,1,0,0,0,0,0,50,0,1,0,0,0,0,0,1,0,1
853,0,0,0,1,1,0,1,0,0,1,32,0,0,0,1,0,0,0,0,0,0
854,1,0,1,1,1,0,0,0,0,0,60,1,1,0,0,0,0,0,0,0,1
855,1,0,1,1,1,0,1,0,1,0,29,0,0,0,0,0,0,0,0,0,0
856,1,0,0,0,0,0,0,0,0,1,18,1,1,0,0,0,0,1,0,0,0
857,1,1,0,1,1,0,1,0,0,0,61,1,1,0,0,0,0,1,0,1,1
858,0,0,0,0,0,0,1,0,1,0,24,1,0,1,0,0,0,0,0,0,1
859,1,1,0,0,0,0,0,1,0,1,38,1,1,0,0,0,1,0,0,1,1
860,0,0,0,0,0,0,0,0,0,1,31,1,0,1,0,0,0,1,1,0,1
861,1,0,0,1,1,0,1,0,1,0,39,0,1,0,0,0,1,1,1,0,1
862,0,0,0,1,1,0,1,0,1,0,36,0,1,0,0,0,0,1,0,0,1
863,1,0,1,1,0,1,1,0,0,1,61,0,1,0,0,0,0,0,0,1,1
864,1,1,0,1,0,1,0,1,0,1,50,1,1,0,0,0,0,0,1,0,0
865,0,0,0,1,1,0,1,0,1,0,20,0,0,1,0,0,1,1,1,0,1
866,0,0,0,1,0,0,0,0,0,0,63,0,1,0,0,0,0,1,0,0,1
867,1,0,0,1,1,0,1,0,0,0,42,1,0,1,0,0,0,0,1,0,1
868,1,0,1,1,1,0,1,0,0,0,82,1,0,1,0,0,0,0,1,0,1
869,0,0,0,1,1,0,0,0,0,1,26,0,1,0,0,0,1,1,1,0,0
870,1,1,0,1,0,1,0,1,0,1,74,1,1,0,0,0,0,1,0,0,0
871,0,0,0,0,0,0,0,1,0,0,18,0,0,1,0,0,0,1,1,0,0
872,1,0,1,1,1,0,1,0,0,1,31,1,0,1,0,0,0,0,0,1,0
873,0,0,0,0,0,0,0,0,0,0,30,0,1,0,0,0,0,0,1,0,0
874,0,0,0,0,0,0,0,0,0,0,28,1,1,0,0,0,0,1,0,0,0
875,1,0,1,0,0,0,0,0,0,0,59,0,0,0,0,1,0,0,1,1,0
876,1,0,1,0,0,0,0,0,1,0,48,0,0,0,0,1,1,1,0,1,1
877,1,0,0,1,1,0,0,1,1,0,80,0,1,0,0,0,1,0,0,1,0
878,0,0,0,0,0,0,0,0,0,0,59,1,0,0,0,0,0,0,0,0,1
879,1,0,0,1,1,0,1,0,1,0,40,1,1,0,0,0,1,0,0,0,0
880,0,0,0,0,0,0,0,0,0,0,22,0,1,0,0,0,0,0,0,0,0
881,0,0,0,1,1,0,0,0,0,0,31,0,0,0,1,0,0,0,0,0,1
882,1,0,0,0,0,0,1,0,1,0,23,0,0,1,0,0,0,0,0,0,1
883,1,0,0,0,0,0,0,0,0,0,33,0,1,0,0,0,0,0,1,0,0
884,1,1,0,1,0,1,0,0,0,1,58,1,1,0,0,0,0,1,1,0,1
885,1,0,1,1,1,0,1,0,1,0,62,1,1,0,0,0,1,0,0,0,1
886,0,0,0,1,0,0,0,0,0,0,43,1,1,0,0,0,0,0,1,0,0
887,1,0,0,1,1,0,1,0,1,0,37,1,0,1,0,0,0,0,0,0,0
888,0,0,0,0,0,0,1,0,1,0,19,0,0,1,0,0,0,1,1,0,0
889,0,0,0,0,0,0,1,0,1,0,32,1,0,0,1,0,0,0,1,0,0
890,1,0,1,1,1,0,1,0,0,1,55,1,0,1,0,0,0,0,0,0,1
891,1,0,1,1,1,0,1,0,0,0,49,0,1,0,0,0,0,0,0,0,1
892,1,0,1,1,1,0,1,0,1,0,60,0,1,0,0,0,0,0,1,0,1
893,0,0,0,1,1,0,1,0,1,0,24,1,0,1,0,0,0,0,0,1,0
894,1,0,1,1,1,0,0,0,1,0,40,1,0,1,0,0,0,0,0,0,1
895,0,0,0,1,0,1,0,0,0,1,35,0,1,0,0,0,0,0,0,0,0
896,1,0,0,0,0,0,0,0,0,0,21,1,1,0,0,0,0,0,0,0,1
897,1,1,0,1,0,1,0,1,0,0,70,1,1,0,0,0,0,1,1,1,0
898,1,0,1,0,0,0,1,0,0,1,49,1,0,1,0,0,0,1,1,0,0
899,1,1,0,1,0,1,0,1,0,1,71,1,1,0,0,0,0,0,0,0,1
900,0,0,0,0,0,0,0,0,1,0,28,1,0,0,1,0,0,0,0,0,0
901,1,1,0,1,0,1,0,0,1,0,61,0,1,0,0,0,0,0,1,0,0
902,1,1,0,1,0,1,0,1,0,1,39,0,1,0,0,0,0,1,0,0,0
903,0,0,0,0,0,0,1,0,0,0,36,0,1,0,0,0,0,0,1,1,0
904,0,0,0,0,0,0,0,0,0,0,39,0,1,0,0,0,0,0,1,0,0
905,0,0,0,1,1,0,0,0,0,0,42,1,0,1,0,0,0,0,0,0,1
906,1,1,0,0,0,0,0,0,0,1,42,1,1,0,0,0,0,0,0,0,0
907,0,0,0,1,1,0,1,0,1,0,21,0,0,0,1,0,0,0,0,0,0
908,1,1,0,1,0,1,0,1,0,1,61,1,1,0,0,0,0,0,0,0,1
909,1,0,0,0,0,0,1,0,0,0,21,1,0,0,1,0,0,0,1,0,1
910,0,0,0,1,1,0,1,0,0,0,62,1,0,0,1,0,0,1,0,0,1
911,0,0,0,1,1,0,1,0,0,1,51,1,0,1,0,0,0,1,1,0,1
912,0,0,0,1,1,0,0,0,1,0,69,1,1,0,0,0,1,0,1,0,1
913,1,1,0,1,0,1,0,1,0,1,72,0,1,0,0,0,0,1,0,0,0
914,1,0,1,1,1,0,0,0,0,1,68,1,0,1,0,0,0,1,0,0,0
915,1,0,1,1,1,0,1,0,1,0,30,0,1,0,0,0,0,1,0,0,0
916,1,0,1,1,1,0,1,0,1,0,27,1,1,0,0,0,0,0,1,0,0
917,0,0,0,0,0,0,0,0,0,0,29,1,1,0,0,0,0,0,1,0,1
918,1,0,0,0,0,0,0,0,1,0,28,0,0,0,1,0,0,0,0,1,0
919,1,0,0,1,1,0,1,0,0,0,46,0,0,0,1,0,0,0,0,0,1
920,0,0,0,1,0,1,0,1,0,1,60,0,1,0,0,0,1,0,1,0,0
921,0,0,0,1,1,0,1,0,0,0,48,1,0,0,1,0,0,1,0,0,0
922,1,0,1,1,0,1,0,0,0,1,61,1,1,0,0,0,0,1,1,0,0
923,0,0,0,1,1,0,1,0,0,0,29,1,0,0,1,0,0,1,0,0,1
924,1,0,1,1,1,0,1,0,0,0,68,1,1,0,0,0,0,1,0,0,1
925,0,0,0,0,0,0,0,0,0,1,53,0,0,1,0,0,0,1,1,0,0
926,1,1,0,0,0,0,0,1,0,1,54,0,1,0,0,0,0,0,0,0,1
927,0,0,0,0,0,0,0,0,0,0,26,0,1,0,0,0,0,0,0,0,0
928,0,0,0,0,0,0,0,0,0,0,18,0,1,0,0,0,0,0,0,1,0
929,1,1,0,1,0,1,0,1,0,1,60,1,1,0,0,0,1,0,1,0,1
930,0,0,0,0,0,0,1,0,1,0,19,1,1,0,0,0,0,0,0,0,1
931,0,0,0,0,0,0,0,1,0,1,72,1,1,0,0,0,0,1,0,0,0
932,1,1,0,1,0,1,0,0,0,1,44,1,1,0,0,0,0,1,0,0,0
933,1,0,0,1,1,0,1,0,1,0,23,0,1,0,0,0,0,0,1,0,1
934,1,1,0,1,0,1,0,0,0,1,61,0,1,0,0,0,1,0,1,0,0
935,0,0,0,1,0,1,0,1,0,1,73,0,1,0,0,0,0,1,1,0,1
936,1,0,1,1,1,0,1,0,0,0,40,1,0,0,0,0,0,0,1,0,0
937,1,0,0,1,0,1,0,1,0,1,46,1,1,0,0,0,0,0,0,0,0
938,1,1,0,1,0,1,0,0,0,1,59,0,1,0,0,0,0,0,0,0,0
939,1,0,1,1,1,0,0,0,0,0,43,0,1,0,0,0,1,0,0,0,1
940,0,0,0,0,0,0,1,0,0,1,27,0,0,1,0,0,0,1,0,0,0
941,1,1,0,1,0,1,0,1,0,1,46,0,1,0,0,0,0,0,1,0,0
942,1,1,0,1,0,0,0,0,0,1,60,0,1,0,0,0,0,0,0,0,0
943,1,1,0,1,0,1,0,1,0,1,59,1,1,0,0,0,0,0,0,0,0
944,0,0,0,1,1,0,0,0,1,0,37,1,0,0,0,0,0,0,0,0,0
945,1,1,0,1,0,1,0,0,0,1,62,1,1,0,0,0,1,0,0,1,1
946,0,0,0,1,0,0,0,0,0,0,23,1,1,0,0,0,0,1,1,1,1
947,0,0,0,1,0,1,0,1,0,1,63,1,1,0,0,0,0,1,0,0,0
948,0,0,0,0,0,0,0,0,0,0,57,0,1,0,0,0,0,0,0,0,0
949,0,0,0,1,1,0,0,0,0,1,44,1,0,1,0,0,0,1,1,0,0
950,0,0,0,0,0,0,1,0,0,0,62,1,1,0,0,0,0,0,0,0,0
951,0,0,0,1,0,1,0,0,0,0,47,0,1,0,0,0,0,0,0,0,1
952,1,1,0,1,0,1,0,0,0,1,60,0,1,0,0,0,0,1,0,0,1
953,0,0,0,1,0,1,0,1,0,1,42,1,1,0,0,0,0,1,1,0,1
954,1,1,0,1,1,0,0,0,0,0,61,0,1,0,0,0,0,0,0,0,1
955,0,0,0,0,0,0,0,1,0,1,19,0,0,1,0,0,0,1,0,0,1
956,1,0,1,1,1,0,1,0,1,0,60,0,1,0,0,0,0,0,0,1,1
957,1,0,0,1,1,0,1,0,1,0,70,0,1,0,0,0,0,0,0,1,0
958,0,0,0,1,1,0,0,0,0,0,25,1,1,0,0,0,0,0,0,0,0
959,1,1,0,1,0,1,0,1,0,1,64,1,1,0,0,0,0,1,1,1,1
960,1,1,0,1,0,1,0,1,0,1,72,0,1,0,0,0,0,0,0,0,1
961,1,0,0,0,0,0,0,0,0,0,25,1,1,0,0,0,0,0,1,0,0
962,1,0,0,1,0,1,0,0,0,0,43,0,1,0,0,0,0,0,0,0,1
963,1,1,0,1,0,1,0,0,0,1,65,1,1,0,0,0,0,1,0,0,0
964,0,0,0,0,0,0,0,0,0,0,41,1,0,1,0,0,0,0,1,0,0
965,1,0,0,1,0,1,0,0,0,1,49,1,1,0,0,0,0,1,0,0,1
966,0,0,0,1,1,0,1,0,1,0,26,0,0,0,0,0,0,0,0,0,1
967,1,1,0,1,0,1,0,0,0,1,53,0,1,0,0,0,0,0,0,0,0
968,1,0,1,1,1,0,0,0,0,0,50,0,1,0,0,0,0,1,0,0,0
969,1,0,0,1,0,0,0,0,1,0,40,0,1,0,0,0,0,0,0,0,1
970,1,0,0,1,0,0,1,0,1,0,33,0,1,0,0,0,0,1,0,1,1
971,0,0,0,0,0,0,0,0,0,1,62,1,1,0,0,0,0,0,1,0,0
972,0,0,0,0,0,0,0,0,0,1,28,0,0,1,0,0,0,0,1,1,0
973,1,1,0,1,0,1,0,0,0,1,44,0,1,0,0,0,1,1,1,1,1
974,0,0,0,1,1,0,1,0,1,0,65,1,1,0,0,0,0,0,0,0,1
975,0,0,0,0,0,0,0,0,1,0,20,1,1,0,0,0,0,0,1,1,0
976,0,0,0,1,0,1,0,0,0,1,72,0,1,0,0,0,0,1,0,0,1
977,0,0,0,1,1,0,1,0,1,0,29,1,1,0,0,0,0,1,1,0,0
978,0,0,0,1,1,0,0,0,0,1,44,1,0,0,1,0,0,0,1,1,1
979,0,0,0,1,1,0,1,0,1,0,52,1,1,0,0,0,1,0,0,1,1
980,0,0,0,0,0,0,0,0,0,1,38,1,0,0,0,1,1,1,0,0,0
981,1,1,0,1,0,1,0,1,0,1,64,1,1,0,0,0,0,0,1,0,0
982,0,0,0,1,1,0,1,0,0,1,31,0,1,0,0,0,1,1,0,0,0
983,0,0,0,0,0,0,1,0,1,0,48,0,1,0,0,0,1,0,0,0,1
984,0,0,0,0,0,0,0,1,0,0,32,0,1,0,0,0,1,0,0,1,0
985,0,0,0,1,1,0,1,0,1,0,29,0,1,0,0,0,0,1,0,0,1
986,1,1,0,1,0,1,0,1,0,1,64,0,1,0,0,0,1,0,0,0,0
987,0,0,0,0,0,0,1,0,1,0,18,0,0,0,0,1,1,0,1,0,1
988,1,0,1,1,1,0,0,0,0,0,64,1,1,0,0,0,0,1,1,0,1
989,0,0,0,0,0,0,0,0,0,0,55,0,1,0,0,0,0,0,1,0,1
990,1,1,0,1,1,0,0,0,0,1,55,0,0,1,0,0,0,0,0,0,0
991,1,0,1,1,1,0,0,0,0,0,67,0,1,0,0,0,1,0,1,0,1
992,1,0,1,1,1,0,0,0,0,0,48,0,1,0,0,0,0,0,0,1,1
993,1,1,0,1,0,1,0,0,0,1,43,0,1,0,0,0,1,0,0,0,1
994,0,0,0,0,0,0,0,1,1,0,45,0,1,0,0,0,0,0,0,0,1
995,1,0,0,0,0,0,1,0,0,1,33,0,1,0,0,0,0,0,0,0,0
996,0,0,0,1,1,0,1,0,1,0,53,0,1,0,0,0,0,0,0,0,1
997,1,0,1,1,0,0,0,0,0,0,40,1,1,0,0,0,0,1,1,0,0
998,0,0,0,1,0,1,0,0,0,0,47,1,1,0,0,0,1,0,0,0,1
999,1,0,1,1,1,0,1,0,1,0,66,1,1,0,0,0,0,0,0,0,0
1000,0,0,0,1,1,0,1,0,0,0,30,1,1,0,0,0,0,0,1,0,1
